ref_id,title,primary_url,archive_status,archive_path,comment
"R01","NIST ALFUS：Autonomy Levels for Unmanned Systems","https://www.nist.gov/publications/framework-autonomy-levels-unmanned-systems-alfus-0","ORIGINAL_PDF_ARCHIVED","references/archive/pdfs/NIST_ALFUS_SP1011_II_1_0.pdf","Verified binary original PDF stored in GitHub; SHA256, source URL and pages recorded in references/archive/pdfs/MANIFEST.csv"
"R02","SAE J3016_202609","https://saemobilus.sae.org/topics/electrical-electronics-and-avionics/automation","INDEX_OR_SUMMARY_ONLY","","无已确认本地原始全文（仅索引/摘要），检查获取许可后再归档"
"R03","IMO MASS Code / Autonomous Shipping FAQ","https://www.imo.org/en/mediacentre/hottopics/pages/autonomous-shipping.aspx","INDEX_OR_SUMMARY_ONLY","","无已确认本地原始全文（仅索引/摘要），检查获取许可后再归档"
"R04","PX4 Computer Vision","https://docs.px4.io/main/en/advanced/computer_vision","OFFICIAL_DOCUMENT_SNAPSHOT","references/archive/primary/px4-computer-vision.md","保存的是上游官方文档或开源项目README；并非论文全文"
"R05","PX4 Visual Inertial Odometry","https://docs.px4.io/main/en/computer_vision/visual_inertial_odometry","OFFICIAL_DOCUMENT_SNAPSHOT","references/archive/primary/px4-visual-inertial-odometry.md","保存的是上游官方文档或开源项目README；并非论文全文"
"R06","PX4 Collision Prevention","https://docs.px4.io/main/en/computer_vision/collision_prevention","OFFICIAL_DOCUMENT_SNAPSHOT","references/archive/primary/px4-collision-prevention.md","保存的是上游官方文档或开源项目README；并非论文全文"
"R07","Nav2 Navigation Concepts","https://docs.nav2.org/rolling/getting_started/navigation_concepts/","INDEX_OR_SUMMARY_ONLY","","无已确认本地原始全文（仅索引/摘要），检查获取许可后再归档"
"R08","Autoware Architecture","https://docs.autoware.org/main/design/autoware-architecture-v1/","INDEX_OR_SUMMARY_ONLY","","无已确认本地原始全文（仅索引/摘要），检查获取许可后再归档"
"R09","Autoware Perception Component","https://docs.autoware.org/main/design/autoware-architecture-v1/components/perception/","INDEX_OR_SUMMARY_ONLY","","无已确认本地原始全文（仅索引/摘要），检查获取许可后再归档"
"R10","Waymo Driver FAQ","https://waymo.com/faq/","INDEX_OR_SUMMARY_ONLY","","无已确认本地原始全文（仅索引/摘要），检查获取许可后再归档"
"R11","GNSS-Denied UAV Navigation Review","https://link.springer.com/article/10.1186/s43020-025-00162-z","ORIGINAL_PDF_ARCHIVED","references/archive/pdfs/GNSS_Denied_UAV_Navigation_Review_2025.pdf","Official original PDF downloaded and verified; see references/archive/pdfs/MANIFEST.csv for license, version and SHA256"
"R12","Multi-Robot Navigation Survey","https://www.sciencedirect.com/science/article/pii/S2667379724000615","INDEX_OR_SUMMARY_ONLY","","无已确认本地原始全文（仅索引/摘要），检查获取许可后再归档"
"R13","USV Overview","https://www.sciencedirect.com/science/article/pii/S0967066125002412","INDEX_OR_SUMMARY_ONLY","","无已确认本地原始全文（仅索引/摘要），检查获取许可后再归档"
"R14","Edge Computing and Its Application in Robotics","https://doi.org/10.3390/jsan14040065","ORIGINAL_PDF_ARCHIVED","references/archive/pdfs/Edge_Computing_Robotics_Survey_JSAN2025.pdf","Verified binary original PDF stored in GitHub; SHA256, source URL and pages recorded in references/archive/pdfs/MANIFEST.csv"
"R15","MiR250 / MiR Fleet","https://mobile-industrial-robots.com/products/robots/mir250/specifications","INDEX_OR_SUMMARY_ONLY","","无已确认本地原始全文（仅索引/摘要），检查获取许可后再归档"
"R16","Saildrone Voyager","https://www.saildrone.com/platform/voyager","INDEX_OR_SUMMARY_ONLY","","无已确认本地原始全文（仅索引/摘要），检查获取许可后再归档"
"R17","BEVFormer","https://www.ecva.net/papers/eccv_2022/papers_ECCV/html/694_ECCV_2022_paper.php","ORIGINAL_PDF_ARCHIVED","references/archive/pdfs/BEVFormer_ECCV2022_arxiv2203.17270v2.pdf","Official original PDF downloaded and verified; see references/archive/pdfs/MANIFEST.csv for license, version and SHA256"
"R18","PaLM-E","https://proceedings.mlr.press/v202/driess23a.html","ORIGINAL_PDF_ARCHIVED","references/archive/pdfs/PaLM-E_ICML2023.pdf","Verified binary original PDF stored in GitHub; SHA256, source URL and pages recorded in references/archive/pdfs/MANIFEST.csv"
"R19","RT-2","https://deepmind.google/blog/rt-2-new-model-translates-vision-and-language-into-action/","INDEX_OR_SUMMARY_ONLY","","无已确认本地原始全文（仅索引/摘要），检查获取许可后再归档"
"R20","OpenVLA","https://openvla.github.io/","ORIGINAL_PDF_ARCHIVED","references/archive/pdfs/OpenVLA_2024_arxiv2406.09246v3.pdf","Verified binary original PDF stored in GitHub; SHA256, source URL and pages recorded in references/archive/pdfs/MANIFEST.csv"
"R21","Efficient Vision-Language-Action Models Survey","https://arxiv.org/abs/2510.17111","ORIGINAL_PDF_ARCHIVED","references/archive/pdfs/Efficient_VLA_Models_Survey_2025_arxiv2510.17111v3.pdf","Official original PDF downloaded and verified; see references/archive/pdfs/MANIFEST.csv for license, version and SHA256"
"R22","NVIDIA Isaac ROS","https://developer.nvidia.com/isaac/ros","INDEX_OR_SUMMARY_ONLY","","无已确认本地原始全文（仅索引/摘要），检查获取许可后再归档"
"R23","Isaac ROS 5.0 Performance","https://nvidia-isaac-ros.github.io/v/release-5.0/performance/index.html","INDEX_OR_SUMMARY_ONLY","","无已确认本地原始全文（仅索引/摘要），检查获取许可后再归档"
"R24","Isaac ROS 3.2 Nova Carter Live Graph","https://nvidia-isaac-ros.github.io/v/release-3.2/performance/index.html","INDEX_OR_SUMMARY_ONLY","","无已确认本地原始全文（仅索引/摘要），检查获取许可后再归档"
"R25","MLPerf Inference","https://mlcommons.org/benchmarks/inference-datacenter/","INDEX_OR_SUMMARY_ONLY","","无已确认本地原始全文（仅索引/摘要），检查获取许可后再归档"
"R26","EuRoC MAV Dataset","https://projects.asl.ethz.ch/datasets/doku.php?id=kmavvisualinertialdatasets","INDEX_OR_SUMMARY_ONLY","","无已确认本地原始全文（仅索引/摘要），检查获取许可后再归档"
"R27","TUM VI Dataset","https://cvg.cit.tum.de/data/datasets/visual-inertial-dataset","INDEX_OR_SUMMARY_ONLY","","无已确认本地原始全文（仅索引/摘要），检查获取许可后再归档"
"R28","ROS 2 Security / DDS-Security","https://docs.ros.org/en/rolling/Concepts/Intermediate/About-Security.html","OFFICIAL_DOCUMENT_SNAPSHOT","references/archive/primary/ros2-security.rst","保存的是上游官方文档或开源项目README；并非论文全文"
"R29","PX4 Security","https://docs.px4.io/main/en/security/","INDEX_OR_SUMMARY_ONLY","","无已确认本地原始全文（仅索引/摘要），检查获取许可后再归档"
"R30","IETF RFC 9334: RATS Architecture","https://www.rfc-editor.org/rfc/rfc9334.html","ORIGINAL_PDF_ARCHIVED","references/archive/pdfs/IETF_RFC9334_RATS_Architecture.pdf","Verified binary original PDF stored in GitHub; SHA256, source URL and pages recorded in references/archive/pdfs/MANIFEST.csv"
"R31","NIST SP 800-193 Platform Firmware Resiliency Guidelines","https://csrc.nist.gov/pubs/sp/800/193/final","ORIGINAL_PDF_ARCHIVED","references/archive/pdfs/NIST_SP_800-193_Firmware_Resiliency.pdf","Verified binary original PDF stored in GitHub; SHA256, source URL and pages recorded in references/archive/pdfs/MANIFEST.csv"
"R32","NVIDIA Jetson Security","https://docs.nvidia.com/jetson/archives/r36.4.4/DeveloperGuide/SD/Security.html","INDEX_OR_SUMMARY_ONLY","","无已确认本地原始全文（仅索引/摘要），检查获取许可后再归档"
"R33","NVIDIA fTPM / Measured Boot","https://docs.nvidia.com/jetson/archives/r39.2.1/DeveloperGuide/SD/Security/FirmwareTPM/BootFlow.html","INDEX_OR_SUMMARY_ONLY","","无已确认本地原始全文（仅索引/摘要），检查获取许可后再归档"
"R34","Arm Platform Security Architecture","https://www.arm.com/architecture/security-features/platform-security","INDEX_OR_SUMMARY_ONLY","","无已确认本地原始全文（仅索引/摘要），检查获取许可后再归档"
"R35","NVIDIA Jetson Orin / Developer Kits / Lifecycle","https://developer.nvidia.com/embedded/jetson-developer-kits","INDEX_OR_SUMMARY_ONLY","","无已确认本地原始全文（仅索引/摘要），检查获取许可后再归档"
"R36","Qualcomm Dragonwing IQ-9075","https://www.qualcomm.com/internet-of-things/products/iq9-series/iq-9075","INDEX_OR_SUMMARY_ONLY","","无已确认本地原始全文（仅索引/摘要），检查获取许可后再归档"
"R37","Firefly AIBOX PRO","https://www.t-firefly.com/products/aibox-pro-edge-computing-computer","INDEX_OR_SUMMARY_ONLY","","无已确认本地原始全文（仅索引/摘要），检查获取许可后再归档"
"R38","Houmo LQ50 M.2","https://developer.houmoai.com/hmdoc/m50/hardware-manuals/latest/product-manuals/lq50-m.2/LQ50_M.2_guidelines/intro/index.html","INDEX_OR_SUMMARY_ONLY","","无已确认本地原始全文（仅索引/摘要），检查获取许可后再归档"
"R39","Axelera Metis / Embedded 113m","https://docs.axelera.ai/docs/hardware/getting-started/start/embedded-113m/","INDEX_OR_SUMMARY_ONLY","","无已确认本地原始全文（仅索引/摘要），检查获取许可后再归档"
"R40","Hailo-10H M.2","https://hailo.ai/zh-hans/products/ai-accelerators/hailo-10h-m-2-generative-ai-acceleration-module/","INDEX_OR_SUMMARY_ONLY","","无已确认本地原始全文（仅索引/摘要），检查获取许可后再归档"
"R41","Huawei Atlas 200I A2","https://www.hiascend.com/zh/hardware/accelerator-module-A2","INDEX_OR_SUMMARY_ONLY","","无已确认本地原始全文（仅索引/摘要），检查获取许可后再归档"
"R42","Firefly Core/AIO-1688JD4 / SOPHGO BM1688","https://www.t-firefly.com/products/core-1688jd4-core-board","INDEX_OR_SUMMARY_ONLY","","无已确认本地原始全文（仅索引/摘要），检查获取许可后再归档"
"R43","Seeed reComputer Robotics","https://wiki.seeedstudio.com/recomputer_robotics_j401_getting_started/","INDEX_OR_SUMMARY_ONLY","","无已确认本地原始全文（仅索引/摘要），检查获取许可后再归档"
"R44","Advantech MIC-733-AO","https://www.advantech.com/en-us/products/965e4edb-fb98-429e-89ed-9a0a8435a7be/mic-733/mod_09861425-4950-46ab-ad39-1b5522881218","INDEX_OR_SUMMARY_ONLY","","无已确认本地原始全文（仅索引/摘要），检查获取许可后再归档"
"R45","AMD Kria K26 / KR260","https://www.amd.com/en/products/system-on-modules/kria/k26.html","INDEX_OR_SUMMARY_ONLY","","无已确认本地原始全文（仅索引/摘要），检查获取许可后再归档"
"R46","Intel Robotics AI Suite","https://builders.intel.com/intel-technologies/software/edge-ai-suites/robotics-ai-suite","INDEX_OR_SUMMARY_ONLY","","无已确认本地原始全文（仅索引/摘要），检查获取许可后再归档"
"R47","NVIDIA Metropolis / Intelligent Video Analytics","https://www.nvidia.com/en-us/autonomous-machines/intelligent-video-analytics-platform/","INDEX_OR_SUMMARY_ONLY","","无已确认本地原始全文（仅索引/摘要），检查获取许可后再归档"
"R48","GB/T 38638-2020《信息安全技术 可信计算 可信计算体系结构》","https://std.samr.gov.cn/gb/search/gbDetailed?id=A47A713B763F14ABE05397BE0A0ABB25","INDEX_OR_SUMMARY_ONLY","","无已确认本地原始全文（仅索引/摘要），检查获取许可后再归档"
"R49","GB/T 29829-2022《信息安全技术 可信计算密码支撑平台功能与接口规范》","https://std.samr.gov.cn/gb/search/gbDetailedCNF?id=DD3D95E5C12171EBE05397BE0A0AF33F","INDEX_OR_SUMMARY_ONLY","","无已确认本地原始全文（仅索引/摘要），检查获取许可后再归档"
"R50","GM/T 0011-2023《可信计算 可信密码支撑平台功能与接口规范》","https://std.samr.gov.cn/hb/search/stdHBDetailed?id=1BF26B7A9FF8FD76E06397BE0A0A81D8","INDEX_OR_SUMMARY_ONLY","","无已确认本地原始全文（仅索引/摘要），检查获取许可后再归档"
"R51","GM/T 0012-2020《可信计算 可信密码模块接口规范》","https://std.samr.gov.cn/hb/search/stdHBDetailed?id=C60C676BC20A358AE05397BE0A0AFABB","INDEX_OR_SUMMARY_ONLY","","无已确认本地原始全文（仅索引/摘要），检查获取许可后再归档"
"R52","GM/T 0013-2021《可信计算 可信密码模块接口符合性测试规范》","https://std.samr.gov.cn/hb/search/stdHBDetailed?id=E66CC4F6F8D88B7FE05397BE0A0A6C55","INDEX_OR_SUMMARY_ONLY","","无已确认本地原始全文（仅索引/摘要），检查获取许可后再归档"
"R53","GM/T 0058-2018《可信计算 TCM服务模块接口规范》","https://www.oscca.gov.cn/sca/xxgk/2018-05/02/content_1029272.shtml","INDEX_OR_SUMMARY_ONLY","","无已确认本地原始全文（仅索引/摘要），检查获取许可后再归档"
"R54","GM/T 0079-2020《可信计算平台直接匿名证明规范》","https://std.samr.gov.cn/hb/search/stdHBDetailed?id=C60C676BC20C358AE05397BE0A0AFABB","INDEX_OR_SUMMARY_ONLY","","无已确认本地原始全文（仅索引/摘要），检查获取许可后再归档"
"R55","GM/T 0082-2020《可信密码模块保护轮廓》","https://std.samr.gov.cn/hb/search/stdHBDetailed?id=C60C676BC20F358AE05397BE0A0AFABB","INDEX_OR_SUMMARY_ONLY","","无已确认本地原始全文（仅索引/摘要），检查获取许可后再归档"
"R56","GM/T 0028-2024《密码模块安全要求》","https://std.samr.gov.cn/hb/search/stdHBDetailed?id=397D60066A540FA6E06397BE0A0AD887","INDEX_OR_SUMMARY_ONLY","","无已确认本地原始全文（仅索引/摘要），检查获取许可后再归档"
"R57","GM/T 0132-2023《信息系统密码应用实施指南》","https://std.samr.gov.cn/hb/search/stdHBDetailed?id=1BF26B7A9FF4FD76E06397BE0A0A81D8","INDEX_OR_SUMMARY_ONLY","","无已确认本地原始全文（仅索引/摘要），检查获取许可后再归档"
"R58","GM/T 0115-2021《信息系统密码应用测评要求》","https://std.samr.gov.cn/hb/search/stdHBDetailed?id=E66CC4F6F8E58B7FE05397BE0A0A6C55","INDEX_OR_SUMMARY_ONLY","","无已确认本地原始全文（仅索引/摘要），检查获取许可后再归档"
"R59","GB/T 32918.2-2016 / GB/T 32918.4-2016（SM2）","https://std.samr.gov.cn/gb/search/gbDetailed?id=71F772D811F7D3A7E05397BE0A0AB82A","INDEX_OR_SUMMARY_ONLY","","无已确认本地原始全文（仅索引/摘要），检查获取许可后再归档"
"R60","GB/T 32905-2016《信息安全技术 SM3密码杂凑算法》","https://std.samr.gov.cn/gb/search/gbDetailed?id=71F772D8119BD3A7E05397BE0A0AB82A","INDEX_OR_SUMMARY_ONLY","","无已确认本地原始全文（仅索引/摘要），检查获取许可后再归档"
"R61","GB/T 32907-2016《信息安全技术 SM4分组密码算法》","https://std.samr.gov.cn/gb/search/gbDetailed?id=71F772D81199D3A7E05397BE0A0AB82A","INDEX_OR_SUMMARY_ONLY","","无已确认本地原始全文（仅索引/摘要），检查获取许可后再归档"
"R62","GM/T 0008-2012《安全芯片密码检测准则》","https://std.samr.gov.cn/hb/search/stdHBDetailed?id=8B1827F1B093BB19E05397BE0A0AB44A","INDEX_OR_SUMMARY_ONLY","","无已确认本地原始全文（仅索引/摘要），检查获取许可后再归档"
