ref_id,title,authors,year,license,download_url,official_landing,local_path,size_bytes,pages,sha256,access_date,status
R18,PaLM-E: An Embodied Multimodal Language Model,Driess et al.,2023,CC BY 4.0,https://proceedings.mlr.press/v202/driess23a/driess23a.pdf,https://proceedings.mlr.press/v202/driess23a.html,references/archive/pdfs/PaLM-E_ICML2023.pdf,10162433,20,dbae359cd8028ba2065d360c06a1d3124e51f46fa038e9b4c69f2f6aa3564e11,2026-10-08,ARCHIVED
R20,OpenVLA: An Open-Source Vision-Language-Action Model,Kim et al.,2024,CC BY 4.0,https://arxiv.org/pdf/2406.09246v3,https://arxiv.org/abs/2406.09246,references/archive/pdfs/OpenVLA_2024_arxiv2406.09246v3.pdf,13240309,37,353c37df34458f12f969b14dfd8b77175b727b9cddea7bb891759beddeefe1be,2026-10-08,ARCHIVED
R14,Edge Computing and Its Application in Robotics: A Survey,Tahir and Parasuraman,2025,CC BY 4.0,https://mdpi-res.com/d_attachment/jsan/jsan-14-00065/article_deploy/jsan-14-00065.pdf,https://doi.org/10.3390/jsan14040065,references/archive/pdfs/Edge_Computing_Robotics_Survey_JSAN2025.pdf,619907,27,dcda231c2e24b62b1acf12a81f22f2d5f66b64693f8a9fcdec1783af6d8711b7,2026-10-08,ARCHIVED
R31,Platform Firmware Resiliency Guidelines,Regen­scheid / NIST,2018,US Government work; confirm third-party elements before downstream adaptations,https://nvlpubs.nist.gov/nistpubs/SpecialPublications/NIST.SP.800-193.pdf,https://csrc.nist.gov/pubs/sp/800/193/final,references/archive/pdfs/NIST_SP_800-193_Firmware_Resiliency.pdf,516802,45,a07a759fe0e58f91c92d466afc9c582d1e1ff3a7cd4a04600ec7f7ff61d5bb06,2026-10-08,ARCHIVED
R01,Autonomy Levels for Unmanned Systems (ALFUS) Framework Volume II,"Huang, Messina and Albus / NIST",2007,US Government publication; retain original attribution,https://nvlpubs.nist.gov/nistpubs/Legacy/SP/nistspecialpublication1011-II-1.0.pdf,https://www.nist.gov/publications/autonomy-levels-unmanned-systems-alfus-frameworkvolume-ii-framework-models-initial,references/archive/pdfs/NIST_ALFUS_SP1011_II_1_0.pdf,1327094,73,e594879c77929b47da192748d4379aca00759212d126c4535bd7cf227d3c6ac9,2026-10-08,ARCHIVED
R30,Remote ATtestation procedureS (RATS) Architecture,Birkholz et al. / IETF,2023,"IETF Trust Legal Provisions; full, unmodified redistribution",https://www.rfc-editor.org/rfc/rfc9334.pdf,https://www.rfc-editor.org/rfc/rfc9334,references/archive/pdfs/IETF_RFC9334_RATS_Architecture.pdf,475562,46,e8f5658dbcbef7b01bb10553adcf4d0359ae2873886abb8e4606dd93ab82e71f,2026-10-08,ARCHIVED
R11,GNSS-denied UAV Navigation Review,Jarraya et al.,2025,CC BY 4.0,https://link.springer.com/content/pdf/10.1186/s43020-025-00162-z.pdf,https://link.springer.com/article/10.1186/s43020-025-00162-z,references/archive/pdfs/GNSS_Denied_UAV_Navigation_Review_2025.pdf,1628233,32,d9c39dbafc77a02bb907ba245a7fddd53428d35949df7869e19e2d1aa5e8051e,2026-10-08,ARCHIVED
R17,BEVFormer: Learning Bird Eye View Representation from Multi-Camera Images via Spatiotemporal Transformers,Li et al.,2022,CC BY 4.0,https://arxiv.org/pdf/2203.17270v2,https://arxiv.org/abs/2203.17270,references/archive/pdfs/BEVFormer_ECCV2022_arxiv2203.17270v2.pdf,4739748,20,641561d0e4c1d46d6883a3d38c68b475030de5bbbcdf747af268366f47f97a6b,2026-10-08,ARCHIVED
R21,Efficient Vision-Language-Action Models for Embodied Manipulation: A Systematic Survey,Guan et al.,2025,CC BY 4.0,https://arxiv.org/pdf/2510.17111v3,https://arxiv.org/abs/2510.17111,references/archive/pdfs/Efficient_VLA_Models_Survey_2025_arxiv2510.17111v3.pdf,5049753,25,a67d5d4c8140143e4624c80ff4166e083133cb52bd537642d468ea6042ab9e73,2026-10-08,ARCHIVED
