latency_id,platform,architecture,stage,workload,metric,latency_value_ms,latency_min_ms,latency_max_ms,p99_ms,throughput,input,software_version,host,evidence_status,source_url,limitations
LAT001,NVIDIA Jetson AGX Orin,integrated SoM,W3,stereo depth,graph latency at 30Hz,9.3,,,,"117 fps","1080p Stereo Disparity Graph","Isaac ROS 5.0.0 / JetPack 7.2","integrated AGX Orin",BENCH,https://nvidia-isaac-ros.github.io/v/release-5.0/performance/index.html,"Graph latency is a 30Hz benchmark trial; not six-camera concurrent autonomy"
LAT002,NVIDIA Jetson AGX Orin,integrated SoM,W3,DNN stereo depth,graph latency at 30Hz,17,,,,"66.5 fps","576p DNN Stereo Disparity Full","Isaac ROS 5.0.0 / JetPack 7.2","integrated AGX Orin",BENCH,https://nvidia-isaac-ros.github.io/v/release-5.0/performance/index.html,"Single graph workload; not physical six-camera system"
LAT003,NVIDIA Jetson AGX Orin,integrated SoM,W3,object detection,graph latency at 30Hz,15,,,,"73.5 fps","544p DetectNet Graph","Isaac ROS 5.0.0 / JetPack 7.2","integrated AGX Orin",BENCH,https://nvidia-isaac-ros.github.io/v/release-5.0/performance/index.html,"DetectNet is not YOLO; no W2/W4/W6 concurrency"
LAT004,NVIDIA Jetson AGX Orin,integrated SoM,W3,object detection,graph latency at 30Hz,13,,,,"87.3 fps","720p RT-DETR SyntheticaDETR Graph","Isaac ROS 5.0.0 / JetPack 7.2","integrated AGX Orin",BENCH,https://nvidia-isaac-ros.github.io/v/release-5.0/performance/index.html,"Model/input differ from other platform benchmarks"
LAT005,NVIDIA Jetson AGX Orin,integrated SoM,W4,3D mapping,component timing,0.8,,,,,"Replica voxel 0.05m TSDF","Isaac ROS 5.0.0","integrated AGX Orin",BENCH,https://nvidia-isaac-ros.github.io/v/release-5.0/repositories_and_packages/isaac_ros_nvblox/index.html,"Nvblox core component timing; not complete ROS graph latency"
LAT006,NVIDIA Jetson AGX Orin,integrated SoM,W4,3D mapping,component timing,1.7,,,,,"Replica voxel 0.05m ESDF","Isaac ROS 5.0.0","integrated AGX Orin",BENCH,https://nvidia-isaac-ros.github.io/v/release-5.0/repositories_and_packages/isaac_ros_nvblox/index.html,"Nvblox core component timing; not complete ROS graph latency"
LAT007,NVIDIA Jetson AGX Orin,integrated SoM,W4,3D mapping,component timing,0.5,,,,,"Redwood voxel 0.05m TSDF","Isaac ROS 5.0.0","integrated AGX Orin",BENCH,https://nvidia-isaac-ros.github.io/v/release-5.0/repositories_and_packages/isaac_ros_nvblox/index.html,"Dataset-specific core timing"
LAT008,NVIDIA Jetson AGX Orin,integrated SoM,W4,3D mapping,component timing,1.5,,,,,"Redwood voxel 0.05m ESDF","Isaac ROS 5.0.0","integrated AGX Orin",BENCH,https://nvidia-isaac-ros.github.io/v/release-5.0/repositories_and_packages/isaac_ros_nvblox/index.html,"Dataset-specific core timing"
LAT009,Houmo M50-compatible xh2,AI accelerator,W3,object detection,model E2E avg,9.715,,,9.834,"410.350 qps tn=4","YOLOv5s 640x640","postmo-modelzoo release_xh2_v1.3.0","exact LQ50 board/host not stated",VENDOR_BENCH,https://github.com/houmo-ai/postmo-modelzoo/blob/release_xh2_v1.3.0/models/detection/yolov5s/README.MD,"Model-level E2E; not camera->host->PCIe->accelerator->planner"
LAT010,Houmo M50-compatible xh2,AI accelerator,W3,object detection,model E2E avg,19.917,,,20.207,"199.962 qps tn=4","YOLO11m 640x640","postmo-modelzoo release_xh2_v1.3.0","exact LQ50 board/host not stated",VENDOR_BENCH,https://github.com/houmo-ai/postmo-modelzoo/tree/release_xh2_v1.3.0/models/detection/yolo11m,"Model-level E2E; board/PCIe/video pipeline absent"
LAT011,Axelera Metis + NanoPC-T6,Host+accelerator,W3,object detection,OpenCL latency,61,,,, "~450 fps host","YOLOv8n; exact input not disclosed","Voyager SDK 1.5.2","NanoPC-T6 / RK3588",VENDOR_BENCH,https://community.axelera.ai/the-axelera-forum-52/nanopc-t6-now-working-with-metis-setup-guide-available-1178,"Vendor-team community result; exact Metis SKU/input/precision/power incomplete"
LAT012,Axelera Metis + NanoPC-T6,Host+accelerator,W3,object detection,OpenCL latency,77,,,, "~360 fps host","YOLOv8s; exact input not disclosed","Voyager SDK 1.5.2","NanoPC-T6 / RK3588",VENDOR_BENCH,https://community.axelera.ai/the-axelera-forum-52/nanopc-t6-now-working-with-metis-setup-guide-available-1178,"Vendor-team community result; exact card/input/precision/power incomplete"
LAT013,EGO-Planner,planner software,W6,local planning,planning compute time,0.81,,,,,"benchmark scenario in paper","IEEE RA-L 2021","paper test platform; see source",PAPER,https://zhepeiwang.github.io/pubs/ral_2021_egoplan.pdf,"Planner compute only; not sensor-to-actuation closed-loop latency"
LAT014,PX4 Collision Prevention,flight stack,system,sensor delay,documented external-vision upper example,,0,200,,,external vision system,"PX4 main docs","vehicle-dependent",REF,https://docs.px4.io/main/en/computer_vision/collision_prevention,"Docs say external vision sensor latency may be as high as 0.2s; not a benchmark for this project"
LAT015,PX4 Collision Prevention,flight stack,system,vehicle response,typical tracking-delay range,,100,500,,,velocity-setpoint tracking,"PX4 main docs","vehicle-dependent",REF,https://docs.px4.io/main/en/computer_vision/collision_prevention,"Must be measured from actual vehicle logs; range depends on size and tuning"
LAT016,PX4 Collision Prevention,flight stack,system,collision avoidance,initial test operating point,,,,,"10 Hz OBSTACLE_DISTANCE","vehicle at 4 m/s","PX4 main docs","companion/external vision",REF,https://docs.px4.io/main/en/computer_vision/collision_prevention,"Initial testing point only; not a required or maximum speed/update rate"
