architecture_id,architecture,workload_or_resource,execution_location,primary_engine_or_subsystem,memory_domain,data_path,evidence_status,evidence_refs,primary_gap_or_risk,affected_gates
A,RK3588 Integrated SoC + FCU,W1 Camera/Video,RK3588,CSI/ISP/VPU/DMA,Host LPDDR,"Camera->ISP/DMA->Host DDR",SPEC,"E20","six-camera actual ingest/lane/sync not verified","A|C|E"
A,RK3588 Integrated SoC + FCU,W2 VIO/SLAM,RK3588,CPU/GPU,Host LPDDR,"Host DDR->CPU/GPU->state",PAPER(system),"E24","multi-camera VIO with W3 concurrency P99 missing","C|D|E"
A,RK3588 Integrated SoC + FCU,W3 Detection,RK3588,RKNN NPU,Host LPDDR,"Host DDR->preprocess->NPU->result",BENCH+REF,"E23|E33","single-model evidence does not establish C2 concurrency","D|E"
A,RK3588 Integrated SoC + FCU,W4 Mapping,RK3588,CPU/GPU,Host LPDDR,"depth/state->CPU/GPU->map",PAPER(system),"E24","target map topology and update rate missing","C|D|E"
A,RK3588 Integrated SoC + FCU,W6 Planning,RK3588,CPU,Host LPDDR,"map/state->planner->FCU",INFER,,"planner baseline and P99 missing","D|E"
A,RK3588 Integrated SoC + FCU,W9 Flight Control,External FCU,RT MCU/FCU,FCU local,"companion command->FCU->actuator",PROJECT_ARCH,,"interface deadline and vehicle response missing","B|E|G"
A,RK3588 Integrated SoC + FCU,Shared DDR,System,LPDDR controller,Host LPDDR,"ISP/VPU/CPU/GPU/NPU compete for host memory",INFER+GAP,,"working DDR traffic and contention under full composition unknown","C|E"
A,RK3588 Integrated SoC + FCU,Thermal/System,System,SoC+PMIC+cooling,System,N/A,GAP,,"sustained full-composition power/temperature unknown","F"
B,Jetson Orin SoM + FCU,W1 Camera/Video,Jetson,Camera/multimedia path,Shared LPDDR,"Camera/SerDes->Jetson memory",SPEC+BENCH,"E01|E02|E35","exact six-camera carrier/mode still project-specific","A|C|E"
B,Jetson Orin SoM + FCU,W2 VIO/SLAM,Jetson,CPU/GPU implementation-dependent,Shared LPDDR,"camera/IMU->VIO/VO graph",CASE+PAPER+BENCH,"E03|E04|E05|E35","exact project composition P99 missing","D|E"
B,Jetson Orin SoM + FCU,W3 Detection/Depth,Jetson,GPU/DLA implementation-dependent,Shared LPDDR,"image->TensorRT/graph->result",BENCH,"E02|E35","target model/input differs from public graphs","D|E"
B,Jetson Orin SoM + FCU,W4 Mapping,Jetson,GPU/CPU,Shared LPDDR,"depth/state->Nvblox/map",BENCH+CASE,"E03|E05|E35","full graph with project W3/W6 concurrency missing","C|D|E"
B,Jetson Orin SoM + FCU,W6 Planning,Jetson,CPU/GPU implementation-dependent,Shared LPDDR,"map/state->planner->FCU",CASE(system)+GAP,"E03","planner-specific P99 not isolated","D|E"
B,Jetson Orin SoM + FCU,W9 Flight Control,External FCU,RT MCU/FCU,FCU local,"companion command->FCU->actuator",PROJECT_ARCH,,"interface deadline and vehicle response missing","B|E|G"
B,Jetson Orin SoM + FCU,Shared Memory/System,Jetson,CPU/GPU/DLA/memory fabric,Shared LPDDR,"multi-graph shared-memory concurrency",BENCH+GAP,"E35","project six-camera concurrent P99/power mode unknown","C|E|F"
C,IQ-9075 + FCU/RT subsystem,W1 Camera/Video,IQ-9075,CSI/GMSL/Camera + DMABUF,Shared LPDDR,"Camera->DMABUF/shared memory",SPEC+REF+PARTNER_BENCH,"E08|E27|E29|E30|E39","physical six-camera hardware sync and numeric P99 missing","A|C|E"
C,IQ-9075 + FCU/RT subsystem,W2 SLAM/Localization,IQ-9075,CPU/GPU path TBD,Shared LPDDR,"camera/sensor->ROS SLAM/state",REF,"E28|E31","visual VIO/SLAM quantitative latency missing","D|E"
C,IQ-9075 + FCU/RT subsystem,W3 Detection,IQ-9075,QNN/Hexagon Tensor path,Shared LPDDR,"DMABUF/preprocess->QNN->result",REF+PARTNER_BENCH,"E29|E30|E31","file-stream benchmark not physical-camera autonomous stack","D|E"
C,IQ-9075 + FCU/RT subsystem,W4 Mapping/Depth,IQ-9075,Implementation-dependent,Shared LPDDR,"sensor/depth->map",REF,"E28|E31","quantitative 3D/local-map evidence limited","C|D|E"
C,IQ-9075 + FCU/RT subsystem,W6 Planning,IQ-9075,CPU/Nav2 path,Shared LPDDR,"map/state->Nav2/planner",REF,"E28|E31","C2 visual-autonomy P99 concurrency missing","D|E"
C,IQ-9075 + FCU/RT subsystem,W9 Flight Control,External FCU baseline + optional RT subsystem,RT subsystem/FCU,Separate RT domain,"companion/RT command->FCU/actuator",SPEC+PROJECT_ARCH,"E08|E25","final responsibility partition not frozen","B|E|G"
C,IQ-9075 + FCU/RT subsystem,Shared Memory/System,IQ-9075,CPU/GPU/HTP/codec/memory fabric,Shared LPDDR,"DMABUF + shared compute/memory",SPEC+PARTNER_BENCH+GAP,"E08|E30","CPU/decode/scheduling can dominate at stream scale; full C2 unknown","C|E|F"
D,RK3588 Host + Accelerator + FCU,W1 Camera/Video,RK3588 Host,CSI/ISP/VPU/DMA,Host LPDDR,"Camera->RK ISP/DMA->Host DDR",SPEC,"E20","accelerator does not improve camera gate","A|C|E"
D,RK3588 Host + Accelerator + FCU,W2 VIO/SLAM,RK3588 Host,CPU/GPU,Host LPDDR,"Host DDR->VIO/SLAM",PAPER(system),"E24","host headroom after W3 preprocessing/PCIe not verified","C|D|E"
D,RK3588 Host + Accelerator + FCU,W3 Detection,Accelerator,M50/Metis/Hailo runtime,Accelerator-specific domain,"Host preprocess->PCIe/H2D->accelerator->D2H",VENDOR_BENCH+REF,"E12|E13|E14|E15|E16|E18|E26|E32|E34|E36|E37|E38","live camera E2E and transfer cost differ by SKU and remain gap","C|D|E|F|G"
D,RK3588 Host + Accelerator + FCU,W4 Mapping,RK3588 Host,CPU/GPU,Host LPDDR,"depth/state->Host map",PAPER(system)+INFER,"E24","host W4 concurrency after accelerator offload unknown","C|D|E"
D,RK3588 Host + Accelerator + FCU,W6 Planning,RK3588 Host,CPU,Host LPDDR,"Host map/state->planner->FCU",INFER,,"host CPU P99 under full pipeline unknown","D|E"
D,RK3588 Host + Accelerator + FCU,W9 Flight Control,External FCU,RT MCU/FCU,FCU local,"Host command->FCU->actuator",PROJECT_ARCH,,"interface deadline and vehicle response missing","B|E|G"
D,RK3588 Host + Accelerator + FCU,PCIe/Data Movement,System,PCIe + runtime queue,Host + accelerator-specific,"Host DDR->H2D->queue->infer->D2H->Host",REF+GAP,"LG003|LG004|LG005","absolute H2D/D2H/live Frame Age not established for target combinations","C|E"
D,RK3588 Host + Accelerator + FCU,Thermal/System,System,Host+accelerator+regulators+cooling,System,N/A,GAP,,"total system power/mass/thermal can exceed accelerator-only spec","F"
