requirement_or_variable,current_status,workload_mapping,resource_impact,architecture_gate,candidate_architecture_impact,evidence_status
N_capture=6,confirmed,W1,"camera lanes; ISP pipelines; buffers; DDR","Sensor/I/O; Memory","all candidates must prove six-camera ingest or external bridge path","PROJECT FACT"
downstream 1072x1280 NV12,observed single stream,W1,"image-plane payload; resize/copy; DDR","Memory/DDR","use for sensitivity only; cannot infer RAW/MIPI","PROJECT FACT"
actual FPS,GAP,W1/W3/W2,"pixel rate; model call rate; latency budget","Sensor/I/O; Memory; Compute; Concurrency","blocks precise platform sizing","GAP"
six-stream mode consistency,GAP,W1,"camera bandwidth; synchronization; ISP scheduling","Sensor/I/O","blocks exact lane/ISP budget","GAP"
multi-camera synchronization,required direction,W1/W2/W4,"timestamp accuracy; VIO/depth/fusion correctness","Sensor/I/O; Real-Time","platform must support hardware/robust timestamp path","REQUIREMENT"
N_detection / perception topology,GAP,W3/W5,"NPU/GPU service demand; pre/post; DDR","Compute; Concurrency","determines whether integrated NPU is enough or accelerator helps","GAP"
N_vio,GAP,W2,"CPU/GPU load; camera+IMU sync; tail latency","Compute; Real-Time","host capability becomes critical; accelerator cannot replace it","GAP"
N_depth,GAP,W3/W4,"GPU/NPU load; stereo/multiview buffers; DDR","Compute; Memory","may favor GPU/robotics SoC depending algorithm","GAP"
N_record,GAP,W1,"VPU encode channels; storage; DDR","Sensor/I/O; Memory","may rule out platforms with weak codec path","GAP"
flight speed,GAP,W6/W9,"reaction-distance deadline","Real-Time; Concurrency","determines allowable P99 Frame Age","GAP"
usable detection range / keep-out,GAP,W3/W6/W9,"latency margin; model/sensor range requirement","Real-Time","required before claiming avoidance feasibility","GAP"
vehicle response,GAP,W9,"closed-loop reaction time; maneuver distance","Real-Time","FCU/vehicle dynamics must enter budget","GAP"
power/size/weight boundary,GAP,all,"thermal; throttling; endurance","SWaP/Thermal","separates small UAV from industrial computer routes","GAP"
VLM requirement,optional,W7,"memory capacity; bandwidth; TTFT; resource isolation","Memory; Compute; Software","treat as add-on; not base safety loop","INFER/OPTIONAL"
Trust Plane requirement,product direction,all+security,"RoT; secure boot; key; attestation; secure update","Security Gate","differentiates product independent of compute SKU","INFER supported by R28-R34"