requirement_id,requirement,workload,current_value,status,evidence_class,gates,blocks_architecture_narrowing,close_method,notes
R01,N_capture,W1,6,CONFIRMED,PROJECT,A|C|E,NO,project design,"Physical capture count confirmed"
R02,downstream geometry,W1,1072x1280,PARTIAL,PROJECT_OBS,A|C|D,NO,confirm all six streams,"Observed on one downstream stream"
R03,downstream format,W1,NV12,PARTIAL,PROJECT_OBS,C,NO,confirm all six streams,"Do not infer Sensor RAW from downstream NV12"
R04,actual FPS,W1,,REQUIREMENT_MISSING,GAP,A|C|D|E,YES,project design or capture measurement,"Required before PixelRate/FramePeriod can be frozen"
R05,six-camera mode consistency,W1,,GAP,GAP,A|C|E,YES,multi-camera capture inspection,"Do not multiply one observed mode by six without confirmation"
R06,sync/timestamp tolerance,W1|W2|W3,,REQUIREMENT_MISSING,GAP,A|E,YES,algorithm/system requirement + sync test,"Needed for VIO/depth/fusion acceptance"
R07,N_detection,W3,,REQUIREMENT_MISSING,GAP,D|E,YES,product function definition,"Determines aggregate inference calls"
R08,detection model/input/precision,W3,,REQUIREMENT_MISSING,GAP,C|D|E|G,YES,algorithm baseline selection,"Needed to bind public benchmark"
R09,detection update rate,W3,,REQUIREMENT_MISSING,GAP,D|E,YES,task requirement,"Together with N_detection determines inference/s"
R10,N_vio and topology,W2,,REQUIREMENT_MISSING,GAP,A|C|D|E,YES,navigation architecture definition,"Mono/stereo/multi-camera changes resources materially"
R11,N_depth and depth method,W3|W4,,REQUIREMENT_MISSING,GAP,C|D|E,YES,obstacle architecture definition,"Stereo/DNN/geometric depth are different workloads"
R12,map representation/range/update,W4,,REQUIREMENT_MISSING,GAP,C|D|E,NO,planning/mapping architecture definition,"Needed for map memory and service demand"
R13,planner/update/horizon,W6,,REQUIREMENT_MISSING,GAP,D|E,NO,planner selection,"Needed for W6 P99/WCET budget"
R14,N_record and codec,W1,,REQUIREMENT_MISSING,GAP,A|C|F,NO,mission/product requirement,"Recording competes for VPU/DDR/storage/power"
R15,flight speed,W9,,REQUIREMENT_MISSING,GAP,E,YES,vehicle/mission requirement,"Converts latency to reaction distance"
R16,usable obstacle range,W3|W9,,REQUIREMENT_MISSING,GAP,E,YES,sensor/algorithm/mission definition,"Needed for maximum pipeline deadline"
R17,keep-out distance,W9,,REQUIREMENT_MISSING,GAP,E,YES,safety requirement,"Needed for obstacle clearance margin"
R18,vehicle tracking/response delay,W9,,GAP,REF+PROJECT_MEASURE,B|E,YES,flight log measurement,"PX4 public reference is 0.1-0.5s typical; project must measure"
R19,steady/peak compute power limit,system,,REQUIREMENT_MISSING,GAP,F,YES,product SWaP requirement,"Needed to compare SoC/SoM/accelerator routes"
R20,mass/volume/cooling limit,system,,REQUIREMENT_MISSING,GAP,F,YES,mechanical/product requirement,"Critical for UAV host+accelerator route"
R21,mission duration/energy budget,system,,REQUIREMENT_MISSING,GAP,F,NO,mission requirement,"Convert compute power into Wh/mission"
R22,FCU responsibilities/interface deadline,W9,"external FCU principle",PARTIAL,PROJECT,B|E|G,YES,system architecture freeze,"RT boundary principle known; exact interface/deadline pending"
R23,VLM/W7 formal mission,W7,"optional",DECISION_PENDING,PROJECT,C|D|E|F|G,NO,mission value decision,"Do not reserve hard requirement before task value is proven"
R24,target OS/ROS/operator constraints,system,"Linux/ROS path expected",PARTIAL,PROJECT|REF,D|G,NO,algorithm/software baseline freeze,"Must follow target model and productization needs"
R25,perception topology,W3,,REQUIREMENT_MISSING,GAP,C|D|E|G,YES,algorithm architecture definition,"PER_VIEW vs FUSED_MULTI_VIEW changes model-call-rate and memory/data-flow equations"
