requirement_id,parameter,project_value,project_status,reference_anchors,reference_class,benchmark_baseline,stress_anchor,transferability,gate_impact,next_decision
R04,actual_camera_fps,,PENDING,"nuScenes ~12Hz; EuRoC/TUM VI 20Hz; Hawk ROS 30fps",REFERENCE_ANCHOR,"20/30Hz sensitivity on observed 1072x1280 NV12","60Hz camera stress","anchors only; not project FPS","A|C|D|E","confirm actual six-camera media/sensor mode"
R25,perception_topology,,PENDING,"PER_VIEW and FUSED_MULTI_VIEW are both real architectures; BEVFormer is fused multi-camera",REFERENCE_ARCHITECTURE,"retain PER_VIEW and FUSED branches","MIXED composition if required","topology is transferable; numeric load is not","C|D|E|G","choose per-view/fused/mixed before W3 compute budget"
R07,perception_views_or_streams,,PENDING,"nuScenes/BEVFormer demonstrate six-view fused perception; no universal independent-stream count",REFERENCE_ANCHOR,"PER_VIEW grid 2/4/6; FUSED record views-per-call","6 independent per-view streams if needed as compute stress","test grid only","D|E","define camera-to-perception routing"
R08,model_input_precision,,PENDING,"640x640 INT8 YOLO-family appears in RK3588/IQ-9075/M50 public evidence",REFERENCE_BENCHMARK_PATTERN,"select exact same supported model + 640x640 + INT8 before quantitative comparison","larger model/input only after baseline","input/precision pattern transferable; model results not cross-comparable yet","C|D|E|G","freeze common model or keep platform results non-comparative"
R09,perception_update_rate,,PENDING,"10Hz PX4 obstacle-message anchor; 12Hz nuScenes camera; 20Hz VIO cameras; 30Hz robotics camera/graphs",RELATED_REFERENCE,"10/20/30Hz engineering test grid","higher only if task/deadline requires","contexts differ; no industry detection-Hz requirement","D|E","derive from speed/range/deadline after topology freeze"
R10,vio_topology,,PENDING,"EuRoC/TUM stereo VIO; Nova multi-camera VSLAM",REFERENCE_ANCHOR,"2-view stereo baseline","multi-camera VSLAM increment if project topology requires","architecture examples only","A|C|D|E","define VIO camera set and IMU/sync"
R11,depth_topology,,PENDING,"Hawk stereo; Nova multiple stereo DNN-depth graphs",REFERENCE_ANCHOR,"1 valid stereo pair first","multiple stereo pairs only if project geometry/calibration permits","depends on camera baselines/calibration","C|D|E","freeze monocular/stereo/DNN/geometric depth method"
R12,local_map_range_update,,PENDING,"EGO config: local x/y 5.5m z 4.5m; depth max 5.0m",SOFTWARE_CONFIG_ANCHOR,"none until map representation chosen","larger range/resolution becomes map-memory stress","not transferable as product requirement","C|D|E","choose map representation/range/update"
R13,planner_update_horizon,,PENDING,"EGO planner compute 0.81ms paper; software timers are not sensor/planner requirement",RELATED_REFERENCE,"benchmark selected planner at project-required update rate","worst-case obstacle scenario","no universal planner Hz","D|E","derive planner deadline from closed-loop budget"
R15,flight_speed,,PENDING,"EGO 3.56m/s; PX4 initial 4m/s; FOAM 4.5m/s",REFERENCE_ANCHOR_CLUSTER,"sensitivity around project speed once frozen","FASTER 7.8m/s high-dynamic stress","reference cluster is synthesis not industry class","E","freeze nominal/max avoidance speed"
R16,usable_obstacle_range,,PENDING,"EGO depth-filter max 5m is a software configuration anchor",SOFTWARE_CONFIG_ANCHOR,"none","scenario sensitivity after sensor/depth validation","must be project-measured/validated","E","freeze usable range including confidence/lighting"
R17,keepout_distance,,PENDING,"PX4 CP_DIST is vehicle-specific and requires margin to body/propellers",NO_TRANSFERABLE_NUMERIC_ANCHOR,"none","none","must be project-defined","E","derive from geometry + perception/control uncertainty + safety policy"
R18,vehicle_response_delay,,PENDING_MEASURE,"PX4 typical velocity-setpoint tracking delay 0.1-0.5s",REFERENCE_ANCHOR,"use public range only for sensitivity","upper-bound sensitivity 0.5s","must measure actual vehicle logs","B|E","measure setpoint-to-actual response"
R19,max_compute_power,,PENDING_PRODUCT,"candidate platform power specs exist but do not define product allowance",NO_TRANSFERABLE_REQUIREMENT,"none","platform-specific thermal test","product-defined only","F","freeze aircraft compute power budget"
R20,compute_mass_volume_cooling,,PENDING_PRODUCT,"candidate form factors exist but do not define UAV allowance",NO_TRANSFERABLE_REQUIREMENT,"none","host+accelerator structural stress","product-defined only","F","freeze mechanical envelope and cooling"
R21,mission_energy_budget,,PENDING_PRODUCT,"no transferable numeric requirement",NO_TRANSFERABLE_REQUIREMENT,"compute Wh/mission after power and duration freeze","long-duration mission stress","product-defined only","F","freeze mission duration and acceptable endurance penalty"
R23,vlm_required,"optional/off in C2 baseline",DECISION_PENDING,"edge VLM is a real product/research route but not required by visual autonomy baseline",REFERENCE_ARCHITECTURE,"OFF for C2 baseline","ON as later C4 increment","task-value dependent","C|D|E|F|G","only enable after concrete mission value"
