profile_id,basis,reference_camera_count,equivalent_camera_count,width,height,fps,pixel_rate_mp_s,bpp_scenario,payload_gbps,payload_MBps,role,source_url,evidence_note
R1_EUROC_6EQ,EuRoC MAV stereo images,2,6,752,480,20,43.31520,8 (1-byte/pixel payload sensitivity),0.34652,43.31520,VIO/MAV low-resolution reference,https://projects.asl.ethz.ch/datasets/euroc-mav/,"Official EuRoC: stereo WVGA monochrome, 2x20 FPS, IMU 200 Hz. Six-camera result is arithmetic scaling only."
R1_EUROC_6EQ,EuRoC MAV stereo images,2,6,752,480,20,43.31520,10 (10-bit packed-equivalent arithmetic),0.43315,54.14400,VIO/MAV low-resolution reference,https://projects.asl.ethz.ch/datasets/euroc-mav/,"Official EuRoC: stereo WVGA monochrome, 2x20 FPS, IMU 200 Hz. Six-camera result is arithmetic scaling only."
R1_EUROC_6EQ,EuRoC MAV stereo images,2,6,752,480,20,43.31520,12 (12-bit packed-equivalent arithmetic),0.51978,64.97280,VIO/MAV low-resolution reference,https://projects.asl.ethz.ch/datasets/euroc-mav/,"Official EuRoC: stereo WVGA monochrome, 2x20 FPS, IMU 200 Hz. Six-camera result is arithmetic scaling only."
R1_EUROC_6EQ,EuRoC MAV stereo images,2,6,752,480,20,43.31520,16 (2-byte/pixel / 16-bit representation),0.69304,86.63040,VIO/MAV low-resolution reference,https://projects.asl.ethz.ch/datasets/euroc-mav/,"Official EuRoC: stereo WVGA monochrome, 2x20 FPS, IMU 200 Hz. Six-camera result is arithmetic scaling only."
R1_EUROC_6EQ,EuRoC MAV stereo images,2,6,752,480,20,43.31520,24 (RGB888 in-memory representation sensitivity),1.03956,129.94560,VIO/MAV low-resolution reference,https://projects.asl.ethz.ch/datasets/euroc-mav/,"Official EuRoC: stereo WVGA monochrome, 2x20 FPS, IMU 200 Hz. Six-camera result is arithmetic scaling only."
R2_TUMVI_6EQ,TUM VI stereo images,2,6,1024,1024,20,125.82912,8 (1-byte/pixel payload sensitivity),1.00663,125.82912,VIO high-resolution grayscale reference,https://cvg.cit.tum.de/data/datasets/visual-inertial-dataset,"Official TUM VI: stereo 1024x1024 @20 Hz, IMU 200 Hz, hardware synchronized. Six-camera result is arithmetic scaling only."
R2_TUMVI_6EQ,TUM VI stereo images,2,6,1024,1024,20,125.82912,10 (10-bit packed-equivalent arithmetic),1.25829,157.28640,VIO high-resolution grayscale reference,https://cvg.cit.tum.de/data/datasets/visual-inertial-dataset,"Official TUM VI: stereo 1024x1024 @20 Hz, IMU 200 Hz, hardware synchronized. Six-camera result is arithmetic scaling only."
R2_TUMVI_6EQ,TUM VI stereo images,2,6,1024,1024,20,125.82912,12 (12-bit packed-equivalent arithmetic),1.50995,188.74368,VIO high-resolution grayscale reference,https://cvg.cit.tum.de/data/datasets/visual-inertial-dataset,"Official TUM VI: stereo 1024x1024 @20 Hz, IMU 200 Hz, hardware synchronized. Six-camera result is arithmetic scaling only."
R2_TUMVI_6EQ,TUM VI stereo images,2,6,1024,1024,20,125.82912,16 (2-byte/pixel / 16-bit representation),2.01327,251.65824,VIO high-resolution grayscale reference,https://cvg.cit.tum.de/data/datasets/visual-inertial-dataset,"Official TUM VI: stereo 1024x1024 @20 Hz, IMU 200 Hz, hardware synchronized. Six-camera result is arithmetic scaling only."
R2_TUMVI_6EQ,TUM VI stereo images,2,6,1024,1024,20,125.82912,24 (RGB888 in-memory representation sensitivity),3.01990,377.48736,VIO high-resolution grayscale reference,https://cvg.cit.tum.de/data/datasets/visual-inertial-dataset,"Official TUM VI: stereo 1024x1024 @20 Hz, IMU 200 Hz, hardware synchronized. Six-camera result is arithmetic scaling only."
R3_NUSCENES_6CAM,nuScenes six-camera sensor suite,6,6,1600,900,12,103.68000,8 (1-byte/pixel payload sensitivity),0.82944,103.68000,native six-camera perception reference,https://www.nuscenes.org/tutorials/nuscenes_tutorial.html,"nuScenes has six cameras; sample metadata is 1600x900; official data-collection note states cameras run at 12 Hz."
R3_NUSCENES_6CAM,nuScenes six-camera sensor suite,6,6,1600,900,12,103.68000,10 (10-bit packed-equivalent arithmetic),1.03680,129.60000,native six-camera perception reference,https://www.nuscenes.org/tutorials/nuscenes_tutorial.html,"nuScenes has six cameras; sample metadata is 1600x900; official data-collection note states cameras run at 12 Hz."
R3_NUSCENES_6CAM,nuScenes six-camera sensor suite,6,6,1600,900,12,103.68000,12 (12-bit packed-equivalent arithmetic),1.24416,155.52000,native six-camera perception reference,https://www.nuscenes.org/tutorials/nuscenes_tutorial.html,"nuScenes has six cameras; sample metadata is 1600x900; official data-collection note states cameras run at 12 Hz."
R3_NUSCENES_6CAM,nuScenes six-camera sensor suite,6,6,1600,900,12,103.68000,16 (2-byte/pixel / 16-bit representation),1.65888,207.36000,native six-camera perception reference,https://www.nuscenes.org/tutorials/nuscenes_tutorial.html,"nuScenes has six cameras; sample metadata is 1600x900; official data-collection note states cameras run at 12 Hz."
R3_NUSCENES_6CAM,nuScenes six-camera sensor suite,6,6,1600,900,12,103.68000,24 (RGB888 in-memory representation sensitivity),2.48832,311.04000,native six-camera perception reference,https://www.nuscenes.org/tutorials/nuscenes_tutorial.html,"nuScenes has six cameras; sample metadata is 1600x900; official data-collection note states cameras run at 12 Hz."
R4_NOVA_HAWK_6EQ_30,NVIDIA Hawk stereo module operating point,1,6,1920,1200,30,414.72000,8 (1-byte/pixel payload sensitivity),3.31776,414.72000,robotics multi-camera 30 Hz reference,https://nvidia-isaac-ros.github.io/getting_started/sensors/hawk_setup.html,"Current Isaac ROS Hawk setup publishes left/right raw streams at 1920x1200@30. One Hawk is a stereo module with two imagers; six-camera result is per-image-stream arithmetic scaling, not six Hawk modules."
R4_NOVA_HAWK_6EQ_30,NVIDIA Hawk stereo module operating point,1,6,1920,1200,30,414.72000,10 (10-bit packed-equivalent arithmetic),4.14720,518.40000,robotics multi-camera 30 Hz reference,https://nvidia-isaac-ros.github.io/getting_started/sensors/hawk_setup.html,"Current Isaac ROS Hawk setup publishes left/right raw streams at 1920x1200@30. One Hawk is a stereo module with two imagers; six-camera result is per-image-stream arithmetic scaling, not six Hawk modules."
R4_NOVA_HAWK_6EQ_30,NVIDIA Hawk stereo module operating point,1,6,1920,1200,30,414.72000,12 (12-bit packed-equivalent arithmetic),4.97664,622.08000,robotics multi-camera 30 Hz reference,https://nvidia-isaac-ros.github.io/getting_started/sensors/hawk_setup.html,"Current Isaac ROS Hawk setup publishes left/right raw streams at 1920x1200@30. One Hawk is a stereo module with two imagers; six-camera result is per-image-stream arithmetic scaling, not six Hawk modules."
R4_NOVA_HAWK_6EQ_30,NVIDIA Hawk stereo module operating point,1,6,1920,1200,30,414.72000,16 (2-byte/pixel / 16-bit representation),6.63552,829.44000,robotics multi-camera 30 Hz reference,https://nvidia-isaac-ros.github.io/getting_started/sensors/hawk_setup.html,"Current Isaac ROS Hawk setup publishes left/right raw streams at 1920x1200@30. One Hawk is a stereo module with two imagers; six-camera result is per-image-stream arithmetic scaling, not six Hawk modules."
R4_NOVA_HAWK_6EQ_30,NVIDIA Hawk stereo module operating point,1,6,1920,1200,30,414.72000,24 (RGB888 in-memory representation sensitivity),9.95328,1244.16000,robotics multi-camera 30 Hz reference,https://nvidia-isaac-ros.github.io/getting_started/sensors/hawk_setup.html,"Current Isaac ROS Hawk setup publishes left/right raw streams at 1920x1200@30. One Hawk is a stereo module with two imagers; six-camera result is per-image-stream arithmetic scaling, not six Hawk modules."
R5_NOVA_HAWK_6EQ_60,NVIDIA Hawk stereo module sensor capability,1,6,1920,1200,60,829.44000,8 (1-byte/pixel payload sensitivity),6.63552,829.44000,robotics high-rate stress reference,https://nvidia-isaac-ros.github.io/nova/getting_started/platforms/adapting_nova.html,"Nova supports Hawk stereo cameras at 1920x1200, 60 FPS. Six-camera result is per-image-stream arithmetic scaling, not a measured six-camera benchmark."
R5_NOVA_HAWK_6EQ_60,NVIDIA Hawk stereo module sensor capability,1,6,1920,1200,60,829.44000,10 (10-bit packed-equivalent arithmetic),8.29440,1036.80000,robotics high-rate stress reference,https://nvidia-isaac-ros.github.io/nova/getting_started/platforms/adapting_nova.html,"Nova supports Hawk stereo cameras at 1920x1200, 60 FPS. Six-camera result is per-image-stream arithmetic scaling, not a measured six-camera benchmark."
R5_NOVA_HAWK_6EQ_60,NVIDIA Hawk stereo module sensor capability,1,6,1920,1200,60,829.44000,12 (12-bit packed-equivalent arithmetic),9.95328,1244.16000,robotics high-rate stress reference,https://nvidia-isaac-ros.github.io/nova/getting_started/platforms/adapting_nova.html,"Nova supports Hawk stereo cameras at 1920x1200, 60 FPS. Six-camera result is per-image-stream arithmetic scaling, not a measured six-camera benchmark."
R5_NOVA_HAWK_6EQ_60,NVIDIA Hawk stereo module sensor capability,1,6,1920,1200,60,829.44000,16 (2-byte/pixel / 16-bit representation),13.27104,1658.88000,robotics high-rate stress reference,https://nvidia-isaac-ros.github.io/nova/getting_started/platforms/adapting_nova.html,"Nova supports Hawk stereo cameras at 1920x1200, 60 FPS. Six-camera result is per-image-stream arithmetic scaling, not a measured six-camera benchmark."
R5_NOVA_HAWK_6EQ_60,NVIDIA Hawk stereo module sensor capability,1,6,1920,1200,60,829.44000,24 (RGB888 in-memory representation sensitivity),19.90656,2488.32000,robotics high-rate stress reference,https://nvidia-isaac-ros.github.io/nova/getting_started/platforms/adapting_nova.html,"Nova supports Hawk stereo cameras at 1920x1200, 60 FPS. Six-camera result is per-image-stream arithmetic scaling, not a measured six-camera benchmark."
