gate_id,gate_name,platform,status,evidence_summary,blocking_requirement_or_gap,architecture_implication
GA,Sensor_IO,RK3588,Unverified,"multiple MIPI CSI, dual ISP, codec specs","six physical camera ingest/lane map/sync/actual FPS not verified","accelerator cannot repair this gate because cameras terminate on host"
GA,Sensor_IO,Jetson_Orin,Candidate,"up to 6 physical CSI plus Nova physical multi-camera case","exact carrier/camera electrical integration remains","can proceed to project-specific I/O design"
GA,Sensor_IO,IQ_9075,Candidate,"up to 16 cameras, CSI/GMSL, QRB Camera, DMA-BUF, timestamps","multi-camera hardware trigger/sync still unconfirmed","can proceed but sync remains validation item"
GA,Sensor_IO,RK3588_plus_Accelerator,Unverified,"host is RK3588","inherits RK3588 six-camera uncertainty","accelerator does not change camera ingress"
GB,RealTime,RK3588,Candidate,"external FCU partition assumed","FCU interface/deadline not frozen","keep W9 hard loop outside Linux compute"
GB,RealTime,Jetson_Orin,Candidate,"external FCU partition assumed","FCU interface/deadline not frozen","keep W9 hard loop outside Linux compute"
GB,RealTime,IQ_9075,Candidate,"real-time subsystem exists; external FCU remains valid architecture","role split not frozen","do not assume RT subsystem replaces flight controller"
GB,RealTime,RK3588_plus_Accelerator,Candidate,"external FCU partition assumed","FCU interface/deadline not frozen","host/accelerator remain companion compute"
GC,Memory_Capacity,RK3588,Requirement-missing,"board capacity depends on product","models/map/buffers not frozen","cannot pass/fail capacity"
GC,Memory_Capacity,Jetson_Orin,Requirement-missing,"64GB SKU documented","runtime requirement not frozen","known capacity does not prove fit"
GC,Memory_Capacity,IQ_9075,Requirement-missing,"up to 36GB documented","runtime requirement not frozen","known capacity does not prove fit"
GC,Memory_Capacity,RK3588_plus_Accelerator,Requirement-missing,"host and accelerator memory are separate pools","model placement/runtime not frozen","must budget both pools"
GC,DDR_DataMovement,RK3588,Unverified,"integrated memory architecture","image passes/concurrent workload unknown","measure W1+W2+W3 DDR"
GC,DDR_DataMovement,Jetson_Orin,Unverified,"204.8GB/s spec plus integrated pipelines","project traffic and P99 unknown","peak bandwidth is not a pass"
GC,DDR_DataMovement,IQ_9075,Unverified,"DMA-BUF/zero-copy references","quantitative project DDR traffic unknown","zero-copy path is favorable evidence not proof"
GC,DDR_DataMovement,RK3588_plus_Accelerator,Constraint,"host DDR plus PCIe H2D/D2H","absolute transfer/frame-age data missing","must treat host/data movement as first-class"
GD,W2_VIO,RK3588,Candidate,"published RK3588 SLAM system evidence","target VIO topology/concurrency missing","retain for C2 candidate set"
GD,W2_VIO,Jetson_Orin,Candidate,"Isaac ROS/Nova VSLAM evidence","exact project workload P99 missing","strong direct C2 evidence"
GD,W2_VIO,IQ_9075,Unverified,"official SLAM/navigation references","visual VIO quantitative latency missing","capability exists; numeric fit unknown"
GD,W2_VIO,RK3588_plus_Accelerator,Candidate,"W2 remains on RK3588 host","same RK3588 concurrency gap","accelerator does not solve W2"
GD,W3_DNN,RK3588,Candidate,"official RKNN model benchmark","target model not frozen","bind after model selection"
GD,W3_DNN,Jetson_Orin,Candidate,"Isaac ROS/TensorRT graph benchmarks","target model not frozen","bind after model selection"
GD,W3_DNN,IQ_9075,Candidate,"multi-stream partner benchmark and QNN stack","target physical-camera workload missing","bind after model selection"
GD,W3_DNN,RK3588_plus_Accelerator,Candidate,"M50/Metis/Hailo have W3 evidence","same-host project E2E missing","offload hypothesis requires system validation"
GE,Concurrent_P99,RK3588,Unverified,"single workload evidence only","six-camera W1+W2+W3+W6 P99 missing","future benchmark priority"
GE,Concurrent_P99,Jetson_Orin,Unverified,"Nova combined graph is closest public anchor","exact project composition P99 missing","future benchmark priority"
GE,Concurrent_P99,IQ_9075,Unverified,"multi-stream W3 and ROS references exist","full autonomy P99 missing","future benchmark priority"
GE,Concurrent_P99,RK3588_plus_Accelerator,Unverified,"model/host evidence exists separately","full frame-age P99 and H2D/D2H missing","future benchmark priority"
GF,SWaP_Thermal,RK3588,Requirement-missing,"board-dependent","power/mass/envelope not frozen","no pass/fail"
GF,SWaP_Thermal,Jetson_Orin,Requirement-missing,"15-60W module modes documented","project power/mass/envelope not frozen","no pass/fail"
GF,SWaP_Thermal,IQ_9075,Requirement-missing,"product thermal specs exist","project power/mass/envelope not frozen","no pass/fail"
GF,SWaP_Thermal,RK3588_plus_Accelerator,Constraint,"extra accelerator/PCIe/power/cooling","project limits not frozen","structural integration penalty must be budgeted"
GG,Software,RK3588,Candidate,"Linux/RKNN/multimedia ecosystem","robotics integration effort project-dependent","integration effort remains"
GG,Software,Jetson_Orin,Candidate,"JetPack/CUDA/TensorRT/Isaac ROS","version/model integration still required","mature robotics path"
GG,Software,IQ_9075,Candidate,"Qualcomm Linux/Ubuntu/QNN/QRB ROS","project integration maturity to verify","official robotics path"
GG,Software,RK3588_plus_Accelerator,Candidate,"host stack plus accelerator SDK","dual-stack integration and lifecycle","higher integration complexity"
