id,category,requirement,current_status,priority,evidence_or_rationale,validation
SR01,RootOfTrust,Hardware-backed root/key storage,REQUIRED,P0,"Industry/platform evidence: secure OTP/TPM/TEE/SE","Attempt key extraction; inspect production configuration"
SR02,Identity,Unique device identity with non-exportable private key,REQUIRED,P0,"PKI/TPM/SE architecture","Clone filesystem to second device; mutual-auth test"
SR03,Boot,Secure boot for bootloader/kernel/critical firmware,REQUIRED,P0,"PX4/DJI/Jetson/RK3588/A1000/Atlas examples","Unsigned/tampered image must not boot"
SR04,Boot,Anti-rollback for production firmware,PENDING,P0,"NIST SP800-193 principle","Attempt older authorized image"
SR05,AIArtifact,Signed model package manifest,REQUIRED,P0,"Engineering synthesis from secure-update patterns","Tamper weights/config/manifest"
SR06,AIArtifact,Model/config measurement recorded in trusted state,PENDING,P1,"Needed for model-aware attestation","Change model/config and compare evidence"
SR07,Data,Encrypt sensitive model/mission/log data at rest,REQUIRED,P0,"UAS product cases and physical-capture threat","Offline storage read"
SR08,FCU,Authenticate Companion-to-FCU control channel,REQUIRED,P0,"PX4 production hardening","Unsigned/wrong-key command injection"
SR09,FCU,Confidentiality for sensitive FCU link where required,PENDING,P0,"MAVLink signing does not encrypt payload","Packet capture / encrypted-link verification"
SR10,ROS2,DDS participant auth and least-privilege ACL if ROS2 used,PENDING,P0,"ROS2 DDS-Security","Unauthorized publish/subscribe/service"
SR11,Isolation,OS sandbox/MAC isolation between critical nodes,PENDING,P0,"ROS2 threat model/Privaros","Compromised node attempts credential/file/socket access"
SR12,Attestation,Remote attestation of boot/runtime state,PENDING,P1,"RATS/DDS Security+ pattern","Normal vs modified software evidence"
SR13,Attestation,Bind model/config identity into attestation evidence,PENDING,P1,"Project differentiation hypothesis","Modified model must fail policy"
SR14,Authorization,Release mission/model credentials only after policy/attestation,PENDING,P1,"NIST onboarding pattern; engineering inference","Verifier deny/allow tests"
SR15,Update,Signed firmware/app/model updates,REQUIRED,P0,"NIST/IETF/DJI/Skydio","Wrong signer / corrupted package"
SR16,Recovery,Safe recovery after invalid/failed update,PENDING,P0,"NIST SP800-193","Power-loss/invalid update recovery"
SR17,Physical,Production debug lock or strong debug authentication,REQUIRED,P0,"DJI/Auterion and platform practices","JTAG/UART/shell attempt"
SR18,Physical,Lost-device certificate/key revocation,PENDING,P1,"Fleet security requirement","Revoke then attempt mission access"
SR19,Tamper,Optional enclosure/tamper state input,PENDING,P1,"Product differentiation; physical capture threat","Open enclosure and verify event/policy"
SR20,Audit,Tamper-evident security event log,PENDING,P0,"Audit/forensics requirement","Modify/delete log; verify detection"
SR21,Safety,Security services must not block FCU safety loop,REQUIRED,P0,"Security-safety separation principle","Kill/overload security service during flight-loop simulation"
SR22,Performance,Measure security overhead under full C2 workload,REQUIRED,P0,"Frame-age methodology","Compare P50/P95/P99 CPU/DDR/power with security on/off"
SR23,Sensor,Sensor inventory/config/timestamp integrity checks,PENDING,P1,"Six-camera sync/spoof threat","Wrong sensor/config/timestamp fault injection"
SR24,Accelerator,Verify accelerator firmware/model/PCIe trust separately for Host+Accelerator,PENDING,P1,"Dual trust-domain architecture","Firmware/update/IOMMU/DMA tests per accelerator"
