entity_id,vendor,product_name,product_type,productization_stage,architecture_class,base_compute,ai_compute,memory,camera_video_io,power,dimensions_weight,software,availability_or_lifecycle,domestic_status,primary_workloads,six_camera_relevance,evidence_status,source_urls,key_limitations
P01,NVIDIA,Jetson Orin Nano Super Developer Kit,developer kit,prototype,integrated SoM system,Jetson Orin Nano 8GB,67 INT8 TOPS,"8GB LPDDR5 102GB/s","carrier CSI; exact camera topology board-dependent","7-25W","dev-kit form factor; not production module","JetPack/CUDA/TensorRT",current developer kit,overseas,"C1|C2-light|C4-prototype",MEDIUM,SPEC,"https://www.nvidia.com/en-eu/autonomous-machines/embedded-systems/jetson-orin/nano-super-developer-kit/","prototype kit; production carrier/SWaP differs"
P02,NVIDIA,Jetson AGX Orin 64GB Module,SoM,production,integrated heterogeneous SoM,Orin,275 sparse INT8 TOPS,"64GB LPDDR5 204.8GB/s","up to 6 physical CSI at platform level","15-60W module modes","100x87mm module","JetPack/CUDA/TensorRT/Isaac ROS","commercial module through 2032-01",overseas,"C1|C2|C3|C4",HIGH,SPEC+BENCH+CASE,"https://developer.nvidia.com/embedded/lifecycle|https://www.nvidia.com/en-us/autonomous-machines/embedded-systems/jetson-orin/","carrier-specific camera/power/thermal; project P99 still gap"
P03,NVIDIA,Jetson AGX Thor Developer Kit,developer kit,prototype,high-end physical-AI integrated,Jetson T5000,2070 sparse FP4 TFLOPS,"128GB LPDDR5X","HSB/QSFP/USB camera route","40-130W","243.19x112.40x56.88mm dev kit","JetPack/Blackwell robotics stack",current developer kit; T5000 lifecycle to 2035-08,overseas,"C3|C4",LOW_UAV_HIGH_ROBOTICS,SPEC,"https://developer.nvidia.com/blog/introducing-nvidia-jetson-thor-the-ultimate-platform-for-physical-ai/|https://developer.nvidia.com/embedded/lifecycle","SWaP too high for many small UAVs; development-kit evidence"
P04,Seeed Studio,reComputer Robotics J4012,robotics computer,commercial product,integrated robotics computer,Jetson Orin NX 16GB,"module-dependent; current Super modes require version pin","16GB LPDDR5","optional 4-in-1 GMSL2; CAN/UART/I2C","19-54V input; module power modes","115x115x38mm; 1100g","JetPack 6 preinstalled; JetPack 7.2 supported",current,China vendor + NVIDIA module,"C2|C3",MEDIUM,SPEC+REF,"https://wiki.seeedstudio.com/recomputer_robotics_j401_getting_started/","weight high for small UAV; not proven six-camera direct ingest"
P05,Advantech,MIC-733-AO,industrial computer,commercial product,rugged integrated edge computer,Jetson AGX Orin 32/64GB,up to 275 TOPS,"32/64GB LPDDR5","4xGbE optional PoE; optional 2-ch GMSL","9-36V","192x230x87mm; 4.5kg","JetPack >=5",current industrial product,Taiwan vendor + NVIDIA module,"C1|C2|C3",LOW_SMALL_UAV,SPEC,"https://www.advantech.com/en-us/products/965e4edb-fb98-429e-89ed-9a0a8435a7be/mic-733/mod_09861425-4950-46ab-ad39-1b5522881218","rugged but too heavy/large for small UAV"
P06,Qualcomm,Dragonwing IQ-9075 EVK,evaluation kit,prototype,integrated robotics SoC platform,QCS9075,50/100 dense INT8 TOPS,"up to 36GB LPDDR5 ECC","SoC up to 16 concurrent cameras; EVK mezzanine dependent","SoC range documented separately; EVK system power not normalized","EVK mainboard + mezzanine","Qualcomm Linux/Ubuntu/QNN/QRB ROS",Active,overseas,"C1|C2|C3|C4",HIGH,SPEC+REF+PARTNER_BENCH,"https://www.qualcomm.com/internet-of-things/products/iq9-series/iq-9075","EVK not final product; physical six-camera sync/P99 gap"
P07,SECO,SOM-COMe-CT6-Dragonwing-IQ9,COM Express SoM,production,integrated industrial SoM,IQ-9075,50/100 TOPS,"up to 36GB LPDDR5-3200 ECC","carrier-dependent","module-level power not captured","COM Express Type 6 compact","Qualcomm Linux/industrial stack",page shows in stock,overseas,"C1|C2|C3",HIGH,SPEC,"https://edge.seco.com/en/som-come-ct6-dragonwing-iq9.html","camera/connectors depend on carrier; robotics benchmark not product-specific"
P08,Innodisk,EXMP-Q911,COM-HPC Mini module,production,integrated industrial module,IQ-9075,"up to 100 dense / 200 sparse TOPS","36GB LPDDR5X; 128GB UFS","2x 4-lane MIPI CSI-2; dual 2.5GbE","not confirmed in source","COM-HPC Mini","Qualcomm ecosystem/iQ-Studio",long-term chipset longevity claimed through 2038,overseas,"C1|C2|C3",HIGH,SPEC+PARTNER_BENCH,"https://www.innodisk.com/en/products/computing/qualcomm-solution/exmp-q911","SoC 16-camera capability does not equal module direct connectors"
P09,Qualcomm,Flight RB5 5G Platform,drone reference platform,reference design,integrated UAV companion platform,QRB5165,15 TOPS,"not confirmed","7 concurrent camera platform; VIO/SLAM/depth/avoidance reference","not confirmed","reference board","Ubuntu/Linux/ROS2/Qualcomm robotics",reference platform,overseas,"C2",HIGH_REFERENCE,REF+SPEC,"https://www.qualcomm.com/internet-of-things/products/flight-rb5-platform","older reference platform; procurement/lifecycle less clear than IQ9"
P10,Firefly,EC-A3588JQ,industrial computer,commercial product,integrated low-cost host,RK3588J,6 TOPS,"up to 32GB","multiple video I/O; exact six-camera ingest not confirmed","not normalized","industrial enclosure","Linux/Android/RKNN",current,China vendor + China SoC,"C1|C2-candidate",MEDIUM,SPEC,"https://community.t-firefly.com/en/docs/products/computers/EC-A3588JQ/started","camera lane/sync and concurrent C2 P99 gap"
P11,Firefly,AIBOX PRO RK3588 + LQ50,heterogeneous edge AI box,commercial product,host+accelerator,RK3588 + Houmo LQ50,"6 TOPS host + accelerator up to 160 TOPS claim","host RAM + accelerator memory; exact LQ50 SKU conflict","dual M.2 accelerator; dual GbE; CAN-FD/RS485/DI/DO","Firefly: normal 8.4W max45.6W for RK3588+1 LQ50","160x111x61mm","Linux + host SDK + accelerator SDK",current,China vendor + China chips,"C1|C2-W3-offload|C4",HIGH_ARCHITECTURE_REF,SPEC+SYSTEM_PRODUCT,"https://www.t-firefly.com/products/aibox-pro-edge-computing-computer","Firefly says LQ50 48GB but Houmo current LQ50-24GB guide says 24GB; exact card SKU unconfirmed; camera/VIO path not product benchmarked"
P12,Houmo AI,LQ50-24GB M.2,M.2 accelerator,production,host+accelerator component,M50,"160 TOPS; 100 TFLOPS bFP16","24GB LPDDR5/LPDDR5X 153.6GB/s","host-dependent","typical 13W","22x80x3.3mm; about 9g","Houmo Dadao/postmo runtime",current,China chip/vendor,"W3|W7",HIGH_AS_ACCELERATOR,SPEC+REF+VENDOR_BENCH,"https://developer.houmoai.com/hmdoc/m50/hardware-manuals/latest/product-manuals/lq50-m.2/LQ50_M.2_guidelines/intro/index.html","does not provide W1/W2/W4/W6; system H2D/D2H/P99 gap"
P13,Axelera AI,Embedded 113m Metis,M.2 accelerator,production,host+accelerator component,Metis AIPU,up to 214 TOPS,"2/8GB LPDDR4X","host-dependent","host slot up to 11.55W avg / 23.1W peak; family typical app 3.5-9W","M.2 2280; cooler clearance required","Voyager SDK",shipping family,overseas,"W3",HIGH_AS_ACCELERATOR,SPEC+BENCH+CASE,"https://docs.axelera.ai/docs/hardware/getting-started/start/embedded-113m/|https://axelera.ai/","cooling and host power must be included; W2/W6 host-dependent"
P14,Hailo,Hailo-10H M.2,M.2 accelerator,production,host+accelerator component,Hailo-10H,40 TOPS INT4,"4/8GB LPDDR4","host-dependent","vendor pages conflict: typical <2.5W vs ET brief <3.5W","M.2 2242","HailoRT/Hailo software; ARM/x86",current,overseas,"W3|W7",HIGH_AS_ACCELERATOR,SPEC+VENDOR_BENCH,"https://hailo.ai/zh-hans/products/ai-accelerators/hailo-10h-m-2-generative-ai-acceleration-module/|https://hailo.ai/zh-hans/files/hailo-10h-m-2-et-product-brief-en/","power condition/SKU conflict; robotics W2/W6 host-dependent"
P15,Raspberry Pi,AI HAT+ 2,HAT accelerator system,production/reference integration,host+accelerator system,Raspberry Pi 5 + Hailo-10H,40 TOPS INT4,"8GB accelerator memory","integrated Raspberry Pi camera software stack","single-digit edge class; exact whole-system load dependent","Pi HAT+ form factor","Raspberry Pi camera stack + Hailo",production through at least 2036-01,overseas,"C1|C4-light",LOW_DIRECT_UAV_HIGH_REFERENCE,SPEC+REF,"https://www.raspberrypi.com/products/ai-hat-plus-2/|https://www.raspberrypi.com/documentation/accessories/ai-hat-plus.html","not rugged/real-time UAV product; useful architecture reference"
P16,Huawei,Atlas 200I A2,AI acceleration/integrated edge module,production,integrated edge compute module,Ascend 310 series,"20 TOPS INT8; 10 TFLOPS FP16","4/8/12GB LPDDR4X ECC","integrated ISP/video; PCIe/Ethernet/MIPI/SATA/USB/CAN","typical 25W for 20-TOPS version","82x60x7mm","CANN/MindSDK/MindStudio",current,China vendor/chip,"C1|C2|C3",HIGH,SPEC+REF,"https://www.hiascend.com/zh/hardware/accelerator-module-A2","software migration/ecosystem and project camera sync/P99 need validation"
P17,Cambricon,MLU220-M.2,M.2 edge accelerator,production/catalog,host+accelerator component,MLU220,8 TOPS INT8,"LPDDR4x 64-bit; capacity not confirmed","H264/H265/VP8/VP9 codec; host system camera dependent","8.25W","80x22x7.2mm bare / 21.3mm cooled","NeuWare/MagicMind",current catalog,China vendor/chip,"W3",MEDIUM_AS_LEGACY_ACCELERATOR,SPEC,"https://www.cambricon.com/index.php?a=lists&c=index&catid=57&m=content","older generation; host-dependent; current robotics benchmark not established"
P18,Firefly,AIO/Core-1688JD4,core board/motherboard,commercial product,integrated visual SoC,BM1688,"16 TOPS INT8; 4 TFLOPS FP16/BF16","4/8/16GB LPDDR4 options","16x1080p30 decode; 10x1080p30 encode; 6-channel sensor input; ISP","not confirmed in current source","AIO board 122.89x85.04x22.7mm","SOPHON SDK; Ubuntu",current; Firefly page in stock,China vendor + China SoC,"C1|C2-candidate",VERY_HIGH_CAMERA_RELEVANCE,SPEC+REF,"https://www.t-firefly.com/products/core-1688jd4-core-board|https://download.t-firefly.com/Spec/CoreBorads/Core-1688JD4_Specification_EN.pdf","six sensor input is strong W1 evidence but exact project mode/sync and W2/W6 software maturity remain gaps"
P19,SOPHGO,SE9 16-BP1-11,micro server,commercial product,edge video analytics server,BM1688,"chip-level compute; exact board compute not restated by product page","8GB","16-channel HD video analysis","not confirmed","micro server","SOPHON SDK",current official product,China vendor/chip,"C1",LOW_UAV_HIGH_FIXED_EDGE,SPEC,"https://sophon.ai/","server form factor; not mobile SWaP product"
P20,AMD,Kria K26 SOM / KR260 Robotics Starter Kit,SoM + starter kit,production+prototype,adaptive compute / FPGA+CPU,Zynq UltraScale+ MPSoC,up to 1.4 TOPS AI,"module DDR integrated","video codec; platform supports broad camera connectivity","product-dependent","K26 77x60x11mm with heat spreader","ROS2/Kria Robotics Stack/Vitis",production commercial/industrial,overseas,"C1|C2-specialized",MEDIUM,SPEC+REF+CASE,"https://www.amd.com/en/products/system-on-modules/kria/k26.html|https://www.amd.com/en/products/system-on-modules/kria/k26/robotics.html","strength is deterministic/adaptive I/O not peak DNN; VLM not target"
P21,Intel,Core Ultra + Robotics AI Suite,solution ecosystem,production ecosystem,x86 heterogeneous CPU+GPU+NPU,Core Ultra Series 3,"system-dependent","system-dependent","partner multi-camera/rugged systems","OEM-dependent","OEM-dependent","ROS2/OpenVINO/Robotics AI Suite 2026.2",current ecosystem,overseas,"C2|C3|C4",MEDIUM_ROBOTICS,SPEC+REF,"https://builders.intel.com/intel-technologies/software/edge-ai-suites/robotics-ai-suite","not a single hardware SKU; UAV SWaP depends on OEM"
