category,vendor,product,form_factor,compute,memory,vision_io,power_swaP,software,typical_fit,main_gap,evidence
GPU SoM,NVIDIA,Jetson AGX Orin 64GB,SoM,"up to 275 sparse INT8 TOPS; GPU+DLA","64GB LPDDR5; 204.8GB/s","16-lane MIPI CSI-2; video encode/decode; PCIe/Ethernet/CAN","15-60W; 100x87mm","JetPack/CUDA/TensorRT/Isaac ROS","C2/C3/C4 robotics and autonomous machines","small-UAV SWaP; project-specific six-camera P99","R22;R23;R24;R35"
Robotics SoC,Qualcomm,Dragonwing IQ-9075,SoC/module/EVK,"50/100 dense INT8 TOPS; CPU+GPU+NPU+4 RT cores","up to 36GB LPDDR5 ECC","up to 16 cameras; PCIe Gen4; 2.5GbE TSN; CAN-FD","SoC 3.8-20W official brief; industrial temp","Qualcomm Linux/Ubuntu/QNN/QRB ROS","C2/C3/C4","physical six-camera sync and full-stack P99 still need validation","R36"
Low-cost SoC,Rockchip,RK3588,SoC/board,"6 TOPS NPU + CPU/GPU","board-dependent up to 32GB common products","dual ISP; MIPI CSI; 8K video; PCIe/Ethernet","board-dependent; low-cost embedded class","Linux/Android/RKNN","C1; C2 candidate; host for accelerator","multi-camera+VIO+DNN concurrency and official ROS2 depth","platform-facts E20/E23/E24/E33"
Domestic module,Huawei,Atlas 200I A2,edge compute module,"20 TOPS INT8; 10 TFLOPS FP16","4/8/12GB LPDDR4X ECC","ISP/video; PCIe/Ethernet/MIPI/SATA/USB/CAN","typical 25W; 82x60x7mm","CANN/MindSDK","C1/C2/C3 domestic route","software migration; project camera sync/P99","R41"
Domestic vision SoC,Firefly/SOPHGO,AIO/Core-1688JD4 BM1688,core board/motherboard,"16 TOPS INT8; 4 TFLOPS FP16/BF16","4/8/16GB LPDDR4 options","6-channel sensor input; 16x1080p30 decode; 10x1080p30 encode; ISP","board-level power not confirmed","SOPHON SDK/Ubuntu","C1; six-camera W1 candidate","exact project sync/mode; W2/W6/ROS maturity","R42"
AI accelerator,Houmo AI,LQ50-24GB M.2,M.2 2280,"160 TOPS; 100 TFLOPS bFP16","24GB LPDDR5/5X; 153.6GB/s","PCIe Gen4 x4; host-dependent camera","13W typical; 22x80x3.3mm; ~9g","Houmo Avenue/Postmo","W3/W7 offload; domestic host+accelerator","host camera/VIO/planning; E2E PCIe/P99/system power","R38"
AI accelerator,Axelera AI,Metis Embedded 113m,M.2 2280,"up to 214 TOPS","2/8GB LPDDR4X for 113m","PCIe Gen3 x4; host-dependent","family typical application 3.5-9W; slot/cooling constraints","Voyager SDK","W3 offload on ARM/x86 host","W2/W6 host-dependent; system cooling/power","R39"
AI accelerator,Hailo,Hailo-10H M.2,M.2 2242,"40 TOPS INT4 / 20 TOPS INT8","4/8GB LPDDR4","PCIe Gen3 x4; host-dependent","vendor documents report typical <2.5W or <3.5W depending source/condition","HailoRT","low-power W3/W7","power condition conflict; robotics host path","R40"
Heterogeneous box,Firefly,AIBOX PRO,edge AI box,"RK3588/RK3576 host + dual M.2 accelerator slots","host RAM + accelerator local memory","dual GbE; CAN-FD/RS485/DI/DO; host media subsystem","9-36V; 160x111x61mm; combo power depends SKU","Linux + host/accelerator SDK","C1; W3/W7 expandable; C2 candidate","exact LQ50 SKU memory conflict; camera/VIO E2E unverified","R37"
Robotics computer,Seeed,reComputer Robotics J4012,robotics computer,"Jetson Orin NX 16GB","16GB","optional GMSL2; CAN; Ethernet; USB","19-54V; 115x115x38mm; ~1100g in documented robotics unit","JetPack/Isaac ROS ecosystem","UGV/USV/AMR; C2/C3","too heavy for small UAV; exact camera count/carrier dependent","R43"
Industrial computer,Advantech,MIC-733-AO,fanless industrial computer,"Jetson AGX Orin up to 275 TOPS","32/64GB","4xGbE; optional PoE; optional 2ch GMSL; TPM optional","9-36V; 192x230x87mm; 4.5kg","JetPack","fixed edge/UGV/industrial robotics","not small-UAV SWaP","R44"
Automotive SoC,Horizon Robotics,Journey 6M,automotive SoC,"128 TOPS BPU Nash","SKU/system dependent","automotive multi-sensor interfaces","automotive grade","Horizon automotive toolchain","C3 automotive/autonomy reference","not a directly comparable UAV module; procurement/dev ecosystem","platform-facts E09/E10"
Physical-AI SoC family,Black Sesame,A2000 family,automotive/robotics SoC family,"200-1000 TOPS family; INT4/INT8/FP8/FP16/FP32","SKU dependent; large on-chip cache; vendor claims 8TB/s cache BW","Xingmou ISP; RAW direct-to-NPU; automotive interfaces","automotive-grade family; SKU dependent","Shanhai toolchain","C3/C4 Physical AI / advanced autonomy","family range not single SKU; current figures vendor claims; UAV SWaP not established","2026 official product/news sources"
