entity,entity_type,secure_boot,tee_tpm_rot,device_identity_or_key,secure_storage_or_data_at_rest,remote_attestation,secure_update,communication_or_access_control,physical_capture_controls,evidence_level,notes
NVIDIA Jetson Orin/Thor,AI compute platform,Confirmed,Confirmed,Confirmed,Confirmed,Confirmed/implementable,Confirmed,Platform-dependent,Partial,SPEC,"Secure Boot; OP-TEE; fTPM; secure storage; LUKS; rollback protection. Product integration still required."
Qualcomm QRB5165/RB5,robotics SoC/platform,Confirmed,Confirmed,Confirmed,Partial,Confirmed-vendor,Not assessed,Not assessed,Partial,VENDOR/SPEC,"SPU, hardware RoT, TEE, secure boot, camera security; RB5 release states secure token for attestation/provisioning."
Qualcomm IQ-9075,industrial AI SoC,GAP,GAP,GAP,GAP,GAP,GAP,GAP,GAP,GAP,"Do not inherit QRB5165 claims across SKU."
AMD Kria K26,adaptive SOM,Confirmed,Confirmed,Confirmed,Not assessed,Measured-boot capable,Not assessed,Not assessed,Confirmed-tamper,SPEC,"On-board TPM + MPSoC security; secure/measured boot and tamper monitoring."
NXP i.MX95,secure edge SoC,Confirmed,Confirmed,Confirmed,Confirmed/secure enclave,Potential/not fully assessed,Confirmed,Confirmed-crypto,Confirmed-secure debug,SPEC,"EdgeLock Secure Enclave; security reference platform, workload fit is separate."
DJI enterprise drone,UAS product,Confirmed,Confirmed,Confirmed,Confirmed,Not publicly established as generic RA,Confirmed,Confirmed,Confirmed-debug hardening,VENDOR/CASE,"TEE; RPMB; secure boot/update; media/log/communication security; debug hardening."
Skydio X10/Dock/UAS,UAS product/system,Confirmed,Confirmed-TPM on Dock,Confirmed,Confirmed,Not publicly detailed,Confirmed,Confirmed,Partial,VENDOR/CASE,"FIPS 140-3 crypto; signed updates; AES protection; evidence hashing; Dock TPM."
Auterion Skynode/AOS,UAS avionics/mission platform,Confirmed rollout,Not confirmed,Not confirmed,Confirmed encryption rollout,Not confirmed,Confirmed/hardened bootloader,Not assessed,Confirmed production debug off,VENDOR/CASE,"Recent AOS releases document full encryption and secure boot rollout."
PX4,flight software,Confirmed option,External platform,Key file currently documented on SD for MAVLink signing,Log encryption,External platform,Software/firmware signing mechanisms,MAVLink signing; link encryption external,Read-only parameters/security hardening,OFFICIAL,"Software security baseline; not a complete hardware trust platform."
ROS2/SROS2,robotics middleware,N/A,External platform,PKI identities,External platform,Research extension available,External platform,Confirmed DDS auth/ACL/crypto,N/A,OFFICIAL/PAPER,"DDS Security provides identity, access control, crypto; TPM attestation integration demonstrated in research."
RK3588/RK3588J,candidate SoC,Confirmed,Confirmed-TrustZone,Partial-secure OTP,Partial-platform capability,GAP,Partial-anti-rollback platform capability,Host software,Partial,SPEC/VENDOR,"Rockchip official: PSA L1; TrustZone; crypto engine; secure OTP; secure boot. Industrial security materials describe disk encryption/firmware encryption/anti-rollback/OP-TEE; verify target BSP/product enablement."
Black Sesame A1000,automotive AI SoC,Confirmed,Confirmed-TrustZone/Open-TEE,Partial-OTP key lifecycle,GAP,GAP,GAP,Product software,Partial,SPEC/VENDOR,"Official A1000: security island; TrustZone; secure boot; OTP for key storage/lifecycle; SDK includes ATF/Open-TEE. Attestation/model trust not public."
Horizon Journey 6,automotive AI SoC,GAP,GAP,GAP,GAP,GAP,GAP,GAP,GAP,GAP,"Strong functional-safety evidence (ASIL) and product security process, but this is not proof of Secure Boot/TEE/attestation. Keep trust gates GAP pending SKU docs."
Huawei Atlas 200I A2,edge AI module,Confirmed,Confirmed boot RoT BSBC+eFuse,Partial-eFuse root hash,GAP,GAP,Partial-signed package/update tooling,Host software,Partial,SPEC/OFFICIAL,"Official secure boot chain: BSBC + eFuse root key hash; RSA/CMS staged verification. Runtime TEE/attestation/model trust still GAP."
BM1688,candidate AI SoC,GAP,GAP,GAP,GAP,GAP,GAP,GAP,GAP,GAP,"Official SDK confirms boot/recovery/read-only-root structure but no public evidence found in this pass for secure boot/TEE/attestation."
Houmo LQ50,AI accelerator,N/A/GAP,N/A/GAP,N/A/GAP,N/A/GAP,N/A/GAP,GAP,Host-dependent,Host-dependent,GAP,"Accelerator must be assessed together with host, firmware trust and PCIe/IOMMU boundary."
Axelera Metis,AI accelerator,Host-dependent,GAP,GAP,GAP,GAP,Firmware update exists,Host secure boot affects driver,Host-dependent,GAP,"Public docs found signed host driver handling under host Secure Boot, but accelerator trust-chain evidence still insufficient."
