platform,product_type,W1_sensor_video,W2_localization,W3_perception,W4_mapping_bev,W5_prediction_tracking,W6_planning,W7_llm_vlm_vla,W8_multi_agent,W9_safety_control,evidence_ids,primary_boundary
"NVIDIA Jetson Orin","SoM","SPEC+BENCH","CASE+PAPER+BENCH","CASE+BENCH","CASE+PAPER+BENCH","CASE","CASE(system)","PAPER","GAP","GAP","E01|E02|E03|E04|E05|E06|E35","Nova Carter provides physical multicamera live-graph VSLAM, DNN stereo depth and mapping evidence; six-camera+YOLO concurrency, power/thermal and hard real-time control remain gaps"
"Qualcomm Flight RB5","robotics/drone reference platform","REF","REF","REF","REF(depth/SLAM)","REF","REF","GAP","REF","GAP","E07","Reference-design evidence; independent benchmark still needed"
"Qualcomm IQ-9075","industrial/robotics SoC","SPEC+REF+PARTNER_BENCH","REF","REF+PARTNER_BENCH","REF(2D mapping/depth)","REF","REF(Nav2)","SPEC+VENDOR_BENCH","INFER","SPEC+PARTNER_BENCH","E08|E25|E27|E28|E29|E30|E31","Multistream video+AI is reproducible, but mostly file streams; physical multi-camera sync and quantitative VIO/full autonomy concurrency remain gaps"
"Rockchip RK3588","AIoT SoC","SPEC","PAPER(system)","SPEC+REF+BENCH","PAPER(system)","INFER","INFER","GAP","GAP","INFER","E20|E23|E24|E33","Single-model DNN, SLAM system evidence and official multicore scheduling path exist; no evidence for linear core scaling or multi-camera+SLAM+DNN concurrency"
"Horizon Journey 6M","automotive SoC","CASE(system)","CASE(system)","CASE+SPEC","CASE+SPEC","CASE(system)","CASE+SPEC","GAP","GAP","SPEC","E09|E10","Mass-production automotive evidence; workload partition and UAV transferability are not public"
"Black Sesame A2000","automotive SoC","SPEC","INFER","SPEC","SPEC","INFER","SPEC","SPEC+DEMO","GAP","SPEC","E11|E21","Architecture/demo evidence; public reproducible system benchmark gap"
"Axelera Metis M.2","AI accelerator","HOST+REF","GAP","CASE+BENCH+VENDOR_BENCH","GAP","CASE","GAP","SPEC(experimental)","GAP","GAP","E12|E13|E14|E36|E37","ARM hosts including RK3588/RPi5/Orin are validated; NanoPC-T6 has vendor-team performance anchors, but W1/W2/W6/W9 and total power remain host-dependent"
"Hailo-8 / Hailo-10H","AI accelerator","HOST+REF","CASE(system)","CASE+REF+VENDOR_BENCH","GAP","INFER","GAP","SPEC+REF+VENDOR_BENCH","GAP","GAP","E15|E16|E17|E22|E38","Official Raspberry Pi 5 camera/multisource/GenAI integration exists; source-count guidance is not a standardized benchmark and host/control partition remains required"
"Houmo M50 / LQ50 M.2","AI accelerator","HOST","GAP","SPEC(system)+REF(multistream)+VENDOR_BENCH(M50)","GAP","GAP","GAP","SPEC+VENDOR_BENCH","GAP","GAP","E18|E19|E26|E32|E34","M50 model-level YOLO benchmark and official multithread/multistream runtime path exist; LQ50 board+host camera/video/PCIe/system power still unverified"
