id,vendor,product,doc_type,title,reference,official_url,landing_url,rights_policy,status,actual_url,pages,size_bytes,sha256,stored_path,retrieval_date,error
P001,NVIDIA,Jetson AGX Orin,Technical Brief,Jetson AGX Orin Series Technical Brief v1.2,R35,https://www.nvidia.com/content/dam/en-zz/Solutions/gtcf21/jetson-orin/nvidia-jetson-agx-orin-technical-brief.pdf,https://developer.nvidia.com/embedded/downloads,RIGHTS_REVIEW,FETCHED_ORIGINAL_LINK_ONLY,https://www.nvidia.com/content/dam/en-zz/Solutions/gtcf21/jetson-orin/nvidia-jetson-agx-orin-technical-brief.pdf,21,930613,6b9fe50c2d00a4e3fc5354da9f703e8033ed031f21b7c07381a2d043d2bab83c,,2026-10-08,
P002,Qualcomm,Dragonwing IQ-9075,Platform Product Brief,Qualcomm Dragonwing IQ9 Series Product Brief,R36,https://docs.qualcomm.com/doc/87-83840-1/87-83840-1_REV_E_Qualcomm_Dragonwing_IQ9_Series_Platform_Product_Brief.pdf,https://www.qualcomm.com/internet-of-things/products/iq9-series/iq-9075,RIGHTS_REVIEW,FETCHED_ORIGINAL_LINK_ONLY,https://docs.qualcomm.com/doc/87-83840-1/87-83840-1_REV_E_Qualcomm_Dragonwing_IQ9_Series_Platform_Product_Brief.pdf,2,298251,88f56312fb33fa931d61016efca8c655ab0d99a73eab80f9be1880ce1d43a5a8,,2026-10-08,
P003,Firefly/SOPHGO,BM1688 AIO-1688JD4,Specification,AIO-1688JD4 Specification,R42,https://download.t-firefly.com/Spec/Mainboards/AIO-1688JD4_Specification_EN.pdf,https://www.t-firefly.com/products/core-1688jd4-core-board,RIGHTS_REVIEW,FETCHED_ORIGINAL_LINK_ONLY,https://download.t-firefly.com/Spec/Mainboards/AIO-1688JD4_Specification_EN.pdf,25,4525646,634d3ce5b030d0159119e7a425a60c3694ac4c822ccee1f27e5dd7b6dc31e64f,,2026-10-08,
P004,Firefly/SOPHGO,BM1688 Core-1688JD4,Specification,Core-1688JD4 Specification,R42,https://download.t-firefly.com/Spec/CoreBorads/Core-1688JD4_Specification_EN.pdf,https://wiki.t-firefly.com/en/Core-1688JD4/preface.html,RIGHTS_REVIEW,FETCHED_ORIGINAL_LINK_ONLY,https://download.t-firefly.com/Spec/CoreBorads/Core-1688JD4_Specification_EN.pdf,23,4255228,b74d1c852afce63fc5f2b33fd2666dd8f9e571f944684f538da9750963f13dcd,,2026-10-08,
P005,Firefly/Rockchip,ROC-RK3588/3588J,Specification,ROC-RK3588-RT ROC-RK3588J-RT Specification,R35,https://download.t-firefly.com/Spec/Mainboards/ROC-RK3588-RT_ROC-RK3588J-RT_Specification_EN.pdf,https://www.t-firefly.com/,RIGHTS_REVIEW,FETCHED_ORIGINAL_LINK_ONLY,https://download.t-firefly.com/Spec/Mainboards/ROC-RK3588-RT_ROC-RK3588J-RT_Specification_EN.pdf,14,5962005,e6f3664cf1230dad458a781769d87bda6f0e31c4434fe7fbd9fefb357871984c,,2026-10-08,
P006,Advantech,MIC-733-AO,Datasheet,MIC-733-AO Data Sheet,R44,https://advdownload.advantech.com/productfile/PIS/MIC-733/file/MIC-733-AO_DS%28042126%2920260421130616.pdf,https://www.advantech.com/en-us/products/965e4edb-fb98-429e-89ed-9a0a8435a7be/mic-733/mod_09861425-4950-46ab-ad39-1b5522881218,RIGHTS_REVIEW,DOWNLOAD_FAILED,,,,,,2026-10-08,HTTPError: HTTP Error 404: Not Found
P007,Hailo,Hailo-10H M.2,Product Brief,Hailo-10H M.2 Extended Temperature Product Brief,R40,https://hailo.ai/files/hailo-10h-m-2-et-product-brief-en/,https://hailo.ai/products/ai-accelerators/hailo-10h-m-2-generative-ai-acceleration-module/,RIGHTS_REVIEW,DOWNLOAD_FAILED,,,,,,2026-10-08,ValueError: not a PDF file (possibly an HTML/download portal)
P008,Raspberry Pi,Compute Module 5,Datasheet,Compute Module 5 Datasheet,P-CM5,https://datasheets.raspberrypi.com/cm5/cm5-datasheet.pdf,https://www.raspberrypi.com/documentation/computers/compute-module.html,CC-BY-ND-4.0-UNMODIFIED,ORIGINAL_PDF_IN_REPO,https://datasheets.raspberrypi.com/cm5/cm5-datasheet.pdf,38,7705648,80070fefd8db6e8abc6e146c8b7b5fb318ba129cc1e28826936d547fde79c863,references/product-documents/originals/P008_cm5-datasheet.pdf,2026-10-08,
P009,Raspberry Pi,Compute Module 5 IO Board,Datasheet,Compute Module 5 IO Board Datasheet,P-CM5-IO,https://datasheets.raspberrypi.com/cm5/cm5io-datasheet.pdf,https://www.raspberrypi.com/products/compute-module-5-io-board/,CC-BY-ND-4.0-UNMODIFIED,ORIGINAL_PDF_IN_REPO,https://datasheets.raspberrypi.com/cm5/cm5io-datasheet.pdf,17,5749036,4fd7f9edea384ccec4710943a886c5cd922dcdcd3b17f519325d3c70933f8f8e,references/product-documents/originals/P009_cm5io-datasheet.pdf,2026-10-08,
P010,Raspberry Pi,AI HAT+,Product Brief,AI HAT+ Product Brief,P-AIHAT,https://datasheets.raspberrypi.com/ai-hat-plus/raspberry-pi-ai-hat-plus-product-brief.pdf,https://www.raspberrypi.com/products/ai-hat-plus/,CC-BY-ND-4.0-UNMODIFIED,RIGHTS_NOT_CONFIRMED_NO_REPOST,https://datasheets.raspberrypi.com/ai-hat-plus/raspberry-pi-ai-hat-plus-product-brief.pdf,6,757248,433d7494ec6d1c8396f991fc74bea7080a7cade398a67420a0adf9efbb6008af,,2026-10-08,
P011,Raspberry Pi,Compute Module 4,Datasheet,Compute Module 4 Datasheet,P-CM4,https://datasheets.raspberrypi.com/cm4/cm4-datasheet.pdf,https://www.raspberrypi.com/documentation/computers/compute-module.html,CC-BY-ND-4.0-UNMODIFIED,ORIGINAL_PDF_IN_REPO,https://datasheets.raspberrypi.com/cm4/cm4-datasheet.pdf,30,11057926,d6946f8bb3e0276defa95b99b9d402a01a4805d3de02d53f835e93044ea7af97,references/product-documents/originals/P011_cm4-datasheet.pdf,2026-10-08,
P012,Axelera AI,Metis Embedded 113m,Datasheet,Axelera Embedded 113m Datasheet 2026 Issue 2,R39,https://docs.axelera.ai/assets/files/axelera-ai-metis-m.2-max-ai-accelerator-card-datasheet-34f232e6c6512e54f0ac2341818724ea.pdf,https://docs.axelera.ai/docs/hardware/embedded-113m/datasheet/,RIGHTS_REVIEW,FETCHED_ORIGINAL_LINK_ONLY,https://docs.axelera.ai/assets/files/axelera-ai-metis-m.2-max-ai-accelerator-card-datasheet-34f232e6c6512e54f0ac2341818724ea.pdf,15,714862,ad0ad61b7287728d14c924b3cf4c5e0618ba3235e790b1d3f778cade096afac1,,2026-10-08,
P013,Axelera AI,Metis Embedded 113m,Thermal Guide,Axelera Embedded 113m Thermal Design Guide 2026 Issue 2,R39,https://docs.axelera.ai/assets/files/axelera-metis-m.2-max-ai-accelerator-card-thermal-design-guidelines-4b54f28be524f982a63fec069454b66d.pdf,https://docs.axelera.ai/docs/hardware/embedded-113m/thermal-design-guide/,RIGHTS_REVIEW,FETCHED_ORIGINAL_LINK_ONLY,https://docs.axelera.ai/assets/files/axelera-metis-m.2-max-ai-accelerator-card-thermal-design-guidelines-4b54f28be524f982a63fec069454b66d.pdf,23,1030757,83281921c1acd02b535c06095c5a57e05e4ebfc8ef9b86f6c0f6aa1181b840e1,,2026-10-08,
P014,Qualcomm,Dragonwing IQ-9075 Module,Module Product Brief,IQ-9075 Module Product Brief Rev C,R36,https://docs.qualcomm.com/doc/87-97354-1/87-97354-1_REV_C_Qualcomm_Dragonwing_IQ-9075_Module_Product_Brief.pdf,https://www.qualcomm.com/internet-of-things/products/iq9-series/iq-9075,RIGHTS_REVIEW,FETCHED_ORIGINAL_LINK_ONLY,https://docs.qualcomm.com/doc/87-97354-1/87-97354-1_REV_C_Qualcomm_Dragonwing_IQ-9075_Module_Product_Brief.pdf,2,339764,23341b17975814755987dbb54fadc004552f1048e43ddeb634671a642be1d5ad,,2026-10-08,
P015,Qualcomm,Dragonwing IQ-9075 EVK,Product Brief,IQ-9075 EVK Product Brief Rev G,R36,https://docs.qualcomm.com/doc/87-87713-1/87-87713-1_REV_G_Qualcomm_Dragonwing_IQ-9075_EVK_Product_brief.pdf,https://www.qualcomm.com/internet-of-things/products/iq9-series/iq-9075,RIGHTS_REVIEW,DOWNLOAD_FAILED,,,,,,2026-10-08,ValueError: not a PDF file (possibly an HTML/download portal)
P016,Firefly,AIBOX-3576/3588/3588S,Specification,AIBOX-3576 / AIBOX-3588 Series Specification 2026,Firefly-AIBOX,https://download.t-firefly.com/Spec/Computers/AIBOX-3576_AIBOX-3588_AIBOX-3588S_Specification_EN.pdf,https://www.t-firefly.com/,RIGHTS_REVIEW,FETCHED_ORIGINAL_LINK_ONLY,https://download.t-firefly.com/Spec/Computers/AIBOX-3576_AIBOX-3588_AIBOX-3588S_Specification_EN.pdf,9,3549487,ec941af8538c9840d6dccfa5b7ba6f2e3ba8b897cca10677e685458e36f8d8d3,,2026-10-08,
P017,Firefly/SOPHGO,AIBOX-1688/186,Specification,AIBOX-1688 / AIBOX-186 Specification,R42,https://download.t-firefly.com/Spec/Computers/AIBOX-1688_AIBOX-186_Specification_EN.pdf,https://www.t-firefly.com/,RIGHTS_REVIEW,FETCHED_ORIGINAL_LINK_ONLY,https://download.t-firefly.com/Spec/Computers/AIBOX-1688_AIBOX-186_Specification_EN.pdf,7,2614271,2556d45059c4eae77d70539e1c016f3d0f81f3ba066a3778e237abddfc520b28,,2026-10-08,
P018,Firefly,AIO-3576C,Specification,AIO-3576C Industry Mainboard Specification,Firefly-RK3576,https://download.t-firefly.com/Spec/Mainboards/AIO-3576C_Specification_EN.pdf,https://www.t-firefly.com/,RIGHTS_REVIEW,FETCHED_ORIGINAL_LINK_ONLY,https://download.t-firefly.com/Spec/Mainboards/AIO-3576C_Specification_EN.pdf,26,4576554,d61e374ad810be58bf7dddafb06748a154f4e227a8b1078b719d70c4b24fe615,,2026-10-08,
P019,Firefly,iCore-3576Q/JQ,Specification,iCore-3576Q iCore-3576JQ Specification,Firefly-RK3576,https://download.t-firefly.com/Spec/CoreBorads/iCore-3576Q_iCore-3576JQ_Specification_EN.pdf,https://www.t-firefly.com/,RIGHTS_REVIEW,FETCHED_ORIGINAL_LINK_ONLY,https://download.t-firefly.com/Spec/CoreBorads/iCore-3576Q_iCore-3576JQ_Specification_EN.pdf,31,5473247,995e90d4386b7953b07078f35d064920b13da5448d5883ff805de39f84e541ea,,2026-10-08,
P020,Firefly,ROC-RK3576-PC,Specification,ROC-RK3576-PC Specification,Firefly-RK3576,https://download.t-firefly.com/Spec/Mainboards/ROC-RK3576-PC_Specification_EN.pdf,https://www.t-firefly.com/,RIGHTS_REVIEW,FETCHED_ORIGINAL_LINK_ONLY,https://download.t-firefly.com/Spec/Mainboards/ROC-RK3576-PC_Specification_EN.pdf,15,4667171,8b11e664ed9e56cb86c760fe4567f42c1ca281da9ea3b3d2d36a87e79f3582ff,,2026-10-08,
P021,Radxa,ROCK 5B+,Product Brief,ROCK 5B+ Product Brief Revision 1.2 2026,Radxa-RK3588,https://dl.radxa.com/rock5/5b%2B/docs/radxa_rock5bp_product_brief.pdf,https://docs.radxa.com/en/rock5/rock5b,RIGHTS_REVIEW,DOWNLOAD_FAILED,,,,,,2026-10-08,ValueError: unapproved download host: dl.radxa.com
P022,Radxa,ROCK 5B+,Schematic,ROCK 5B+ V1.2 Schematic,Radxa-RK3588,https://dl.radxa.com/rock5/5b%2B/docs/hw/radxa_rock5bp_v1.2_schematic.pdf,https://docs.radxa.com/en/rock5/rock5b/download,RIGHTS_REVIEW,DOWNLOAD_FAILED,,,,,,2026-10-08,ValueError: unapproved download host: dl.radxa.com
P023,Radxa,AICore AX-M1,Product Brief,AICore AX-M1 Product Brief Revision 1.1 2026,Radxa-AX650,https://dl.radxa.com/aicore/ax_m1/radxa_aicore_ax_m1_product_brief_en.pdf,https://docs.radxa.com/,RIGHTS_REVIEW,DOWNLOAD_FAILED,,,,,,2026-10-08,ValueError: unapproved download host: dl.radxa.com
P024,Radxa,ROCK 5B,Product Brief,ROCK 5B Product Brief Revision 1.2,Radxa-RK3588,https://dl.radxa.com/rock5/5b/docs/hw/radxa_rock5b_product_brief_Revision_1.2.pdf,https://docs.radxa.com/en/rock5/rock5b,RIGHTS_REVIEW,DOWNLOAD_FAILED,,,,,,2026-10-08,ValueError: unapproved download host: dl.radxa.com
P025,Radxa,ROCK 5B,Schematic,ROCK 5B v1.450 Schematic,Radxa-RK3588,https://dl.radxa.com/rock5/5b/docs/hw/radxa_rock_5b_v1450_schematic.pdf,https://docs.radxa.com/en/rock5/rock5b/download,RIGHTS_REVIEW,DOWNLOAD_FAILED,,,,,,2026-10-08,ValueError: unapproved download host: dl.radxa.com
P026,Firefly/SOPHGO,AIBOX-1684X/1684,Specification,AIBOX-1684X AIBOX-1684 Specification,Firefly-BM1684,https://download.t-firefly.com/Spec/Computers/AIBOX-1684X_AIBOX-1684_Specification_EN.pdf,https://www.t-firefly.com/,RIGHTS_REVIEW,FETCHED_ORIGINAL_LINK_ONLY,https://download.t-firefly.com/Spec/Computers/AIBOX-1684X_AIBOX-1684_Specification_EN.pdf,7,2800070,794db445061c8b0ce19eb0cb07f032b968e25d438b04cee6ef0863a642081503,,2026-10-08,
P027,Firefly,EC-R3576PC FD,Specification,EC-R3576PC FD Specification,Firefly-RK3576,https://download.t-firefly.com/Spec/Computers/EC-R3576PC%20FD_Specification_EN.pdf,https://www.t-firefly.com/,RIGHTS_REVIEW,FETCHED_ORIGINAL_LINK_ONLY,https://download.t-firefly.com/Spec/Computers/EC-R3576PC%20FD_Specification_EN.pdf,7,3437722,63472089e6e52fe27708a9f4db572b26910c35fab9a077b1e386159e04795a13,,2026-10-08,
