id,vendor,product,form,doc_type,title,official_url,landing_url,rights_policy,publish_to_git,keyword,alternative_url,reference,priority
P001,NVIDIA,Jetson AGX Orin,SoM,Technical Brief,Jetson AGX Orin Series Technical Brief v1.2,https://www.nvidia.com/content/dam/en-zz/Solutions/gtcf21/jetson-orin/nvidia-jetson-agx-orin-technical-brief.pdf,https://developer.nvidia.com/embedded/downloads,RIGHTS_REVIEW,NO,Jetson AGX Orin,,R35,P0
P002,Qualcomm,Dragonwing IQ-9075,SoC,Platform Product Brief,Qualcomm Dragonwing IQ9 Series Product Brief,https://docs.qualcomm.com/doc/87-83840-1/87-83840-1_REV_E_Qualcomm_Dragonwing_IQ9_Series_Platform_Product_Brief.pdf,https://www.qualcomm.com/internet-of-things/products/iq9-series/iq-9075,RIGHTS_REVIEW,NO,Dragonwing,https://docs.qualcomm.com/bundle/publicresource/87-83840-1_REV_A_Qualcomm_IQ9_Series_Product_Brief.pdf,R36,P0
P003,Firefly/SOPHGO,BM1688 AIO-1688JD4,Board,Specification,AIO-1688JD4 Specification,https://download.t-firefly.com/Spec/Mainboards/AIO-1688JD4_Specification_EN.pdf,https://www.t-firefly.com/products/core-1688jd4-core-board,RIGHTS_REVIEW,NO,BM1688,,R42,P0
P004,Firefly/SOPHGO,BM1688 Core-1688JD4,SoM,Specification,Core-1688JD4 Specification,https://download.t-firefly.com/Spec/CoreBorads/Core-1688JD4_Specification_EN.pdf,https://wiki.t-firefly.com/en/Core-1688JD4/preface.html,RIGHTS_REVIEW,NO,BM1688,,R42,P0
P005,Firefly/Rockchip,ROC-RK3588/3588J,Board,Specification,ROC-RK3588-RT ROC-RK3588J-RT Specification,https://download.t-firefly.com/Spec/Mainboards/ROC-RK3588-RT_ROC-RK3588J-RT_Specification_EN.pdf,https://www.t-firefly.com/,RIGHTS_REVIEW,NO,RK3588,,R35,P0
P006,Advantech,MIC-733-AO,Industrial PC,Datasheet,MIC-733-AO Data Sheet,https://advdownload.advantech.com/productfile/PIS/MIC-733/file/MIC-733-AO_DS%28042126%2920260421130616.pdf,https://www.advantech.com/en-us/products/965e4edb-fb98-429e-89ed-9a0a8435a7be/mic-733/mod_09861425-4950-46ab-ad39-1b5522881218,RIGHTS_REVIEW,NO,MIC-733,,R44,P0
P007,Hailo,Hailo-10H M.2,Accelerator,Product Brief,Hailo-10H M.2 Extended Temperature Product Brief,https://hailo.ai/files/hailo-10h-m-2-et-product-brief-en/,https://hailo.ai/products/ai-accelerators/hailo-10h-m-2-generative-ai-acceleration-module/,RIGHTS_REVIEW,NO,Hailo-10H,,R40,P0
P008,Raspberry Pi,Compute Module 5,SoM,Datasheet,Compute Module 5 Datasheet,https://datasheets.raspberrypi.com/cm5/cm5-datasheet.pdf,https://www.raspberrypi.com/documentation/computers/compute-module.html,CC-BY-ND-4.0-UNMODIFIED,YES,Compute Module 5,,P-CM5,P1
P009,Raspberry Pi,Compute Module 5 IO Board,Carrier Board,Datasheet,Compute Module 5 IO Board Datasheet,https://datasheets.raspberrypi.com/cm5/cm5io-datasheet.pdf,https://www.raspberrypi.com/products/compute-module-5-io-board/,CC-BY-ND-4.0-UNMODIFIED,YES,Compute Module 5,,P-CM5-IO,P1
P010,Raspberry Pi,AI HAT+,Host+Accelerator,Product Brief,AI HAT+ Product Brief,https://datasheets.raspberrypi.com/ai-hat-plus/raspberry-pi-ai-hat-plus-product-brief.pdf,https://www.raspberrypi.com/products/ai-hat-plus/,CC-BY-ND-4.0-UNMODIFIED,YES,HAT+,,P-AIHAT,P1
P011,Raspberry Pi,Compute Module 4,SoM,Datasheet,Compute Module 4 Datasheet,https://datasheets.raspberrypi.com/cm4/cm4-datasheet.pdf,https://www.raspberrypi.com/documentation/computers/compute-module.html,CC-BY-ND-4.0-UNMODIFIED,YES,Compute Module 4,,P-CM4,P2
P012,Axelera AI,Metis Embedded 113m,M.2 Accelerator,Datasheet,Axelera Embedded 113m Datasheet 2026 Issue 2,https://docs.axelera.ai/assets/files/axelera-ai-metis-m.2-max-ai-accelerator-card-datasheet-34f232e6c6512e54f0ac2341818724ea.pdf,https://docs.axelera.ai/docs/hardware/embedded-113m/datasheet/,RIGHTS_REVIEW,NO,Axelera Embedded 113m,,R39,P0
P013,Axelera AI,Metis Embedded 113m,M.2 Accelerator,Thermal Guide,Axelera Embedded 113m Thermal Design Guide 2026 Issue 2,https://docs.axelera.ai/assets/files/axelera-metis-m.2-max-ai-accelerator-card-thermal-design-guidelines-4b54f28be524f982a63fec069454b66d.pdf,https://docs.axelera.ai/docs/hardware/embedded-113m/thermal-design-guide/,RIGHTS_REVIEW,NO,Axelera Embedded 113m,,R39,P0
P014,Qualcomm,Dragonwing IQ-9075 Module,SoM,Module Product Brief,IQ-9075 Module Product Brief Rev C,https://docs.qualcomm.com/doc/87-97354-1/87-97354-1_REV_C_Qualcomm_Dragonwing_IQ-9075_Module_Product_Brief.pdf,https://www.qualcomm.com/internet-of-things/products/iq9-series/iq-9075,RIGHTS_REVIEW,NO,IQ-9075,,R36,P0
P015,Qualcomm,Dragonwing IQ-9075 EVK,Development Kit,Product Brief,IQ-9075 EVK Product Brief Rev G,https://docs.qualcomm.com/doc/87-87713-1/87-87713-1_REV_G_Qualcomm_Dragonwing_IQ-9075_EVK_Product_brief.pdf,https://www.qualcomm.com/internet-of-things/products/iq9-series/iq-9075,RIGHTS_REVIEW,NO,IQ-9075,,R36,P0
P016,Firefly,AIBOX-3576/3588/3588S,AI Box,Specification,AIBOX-3576 / AIBOX-3588 Series Specification 2026,https://download.t-firefly.com/Spec/Computers/AIBOX-3576_AIBOX-3588_AIBOX-3588S_Specification_EN.pdf,https://www.t-firefly.com/,RIGHTS_REVIEW,NO,AIBOX,,Firefly-AIBOX,P0
P017,Firefly/SOPHGO,AIBOX-1688/186,AI Box,Specification,AIBOX-1688 / AIBOX-186 Specification,https://download.t-firefly.com/Spec/Computers/AIBOX-1688_AIBOX-186_Specification_EN.pdf,https://www.t-firefly.com/,RIGHTS_REVIEW,NO,AIBOX,,R42,P0
P018,Firefly,AIO-3576C,Mainboard,Specification,AIO-3576C Industry Mainboard Specification,https://download.t-firefly.com/Spec/Mainboards/AIO-3576C_Specification_EN.pdf,https://www.t-firefly.com/,RIGHTS_REVIEW,NO,3576,,Firefly-RK3576,P0
P019,Firefly,iCore-3576Q/JQ,Core Board,Specification,iCore-3576Q iCore-3576JQ Specification,https://download.t-firefly.com/Spec/CoreBorads/iCore-3576Q_iCore-3576JQ_Specification_EN.pdf,https://www.t-firefly.com/,RIGHTS_REVIEW,NO,3576,,Firefly-RK3576,P0
P020,Firefly,ROC-RK3576-PC,Single Board,Specification,ROC-RK3576-PC Specification,https://download.t-firefly.com/Spec/Mainboards/ROC-RK3576-PC_Specification_EN.pdf,https://www.t-firefly.com/,RIGHTS_REVIEW,NO,3576,,Firefly-RK3576,P1
P021,Radxa,ROCK 5B+,Single Board,Product Brief,ROCK 5B+ Product Brief Revision 1.2 2026,https://dl.radxa.com/rock5/5b%2B/docs/radxa_rock5bp_product_brief.pdf,https://docs.radxa.com/en/rock5/rock5b,RIGHTS_REVIEW,NO,ROCK 5B,,Radxa-RK3588,P0
P022,Radxa,ROCK 5B+,Single Board,Schematic,ROCK 5B+ V1.2 Schematic,https://dl.radxa.com/rock5/5b%2B/docs/hw/radxa_rock5bp_v1.2_schematic.pdf,https://docs.radxa.com/en/rock5/rock5b/download,RIGHTS_REVIEW,NO,ROCK,,Radxa-RK3588,P1
P023,Radxa,AICore AX-M1,M.2 Accelerator,Product Brief,AICore AX-M1 Product Brief Revision 1.1 2026,https://dl.radxa.com/aicore/ax_m1/radxa_aicore_ax_m1_product_brief_en.pdf,https://docs.radxa.com/,RIGHTS_REVIEW,NO,AICore,,Radxa-AX650,P0
P024,Radxa,ROCK 5B,Single Board,Product Brief,ROCK 5B Product Brief Revision 1.2,https://dl.radxa.com/rock5/5b/docs/hw/radxa_rock5b_product_brief_Revision_1.2.pdf,https://docs.radxa.com/en/rock5/rock5b,RIGHTS_REVIEW,NO,ROCK 5B,,Radxa-RK3588,P1
P025,Radxa,ROCK 5B,Single Board,Schematic,ROCK 5B v1.450 Schematic,https://dl.radxa.com/rock5/5b/docs/hw/radxa_rock_5b_v1450_schematic.pdf,https://docs.radxa.com/en/rock5/rock5b/download,RIGHTS_REVIEW,NO,ROCK,,Radxa-RK3588,P1
P026,Firefly/SOPHGO,AIBOX-1684X/1684,AI Box,Specification,AIBOX-1684X AIBOX-1684 Specification,https://download.t-firefly.com/Spec/Computers/AIBOX-1684X_AIBOX-1684_Specification_EN.pdf,https://www.t-firefly.com/,RIGHTS_REVIEW,NO,AIBOX,,Firefly-BM1684,P1
P027,Firefly,EC-R3576PC FD,Industrial PC,Specification,EC-R3576PC FD Specification,https://download.t-firefly.com/Spec/Computers/EC-R3576PC%20FD_Specification_EN.pdf,https://www.t-firefly.com/,RIGHTS_REVIEW,NO,3576,,Firefly-RK3576,P1
