source_id,product,upstream_repo,upstream_commit,upstream_path,expected_bytes,license,usage,download_status,download_url,local_path,pages,size_bytes,sha256,verified_date,status,error
BH001,BeagleBone AI-64,beagleboard/beaglebone-ai-64,7313ca3cca8a7035bd077dc51d4a9b3a40e4c1a3,hw/BeagleBone_AI-64_Rev_B1_SCH_220602.pdf,2943407,CC-BY-4.0,Original manufacturer open hardware PDF,PENDING,https://raw.githubusercontent.com/beagleboard/beaglebone-ai-64/7313ca3cca8a7035bd077dc51d4a9b3a40e4c1a3/hw/BeagleBone_AI-64_Rev_B1_SCH_220602.pdf,references/product-documents/originals/beagleboard/BH001_BeagleBone_AI-64_Rev_B1_SCH_220602.pdf,32,2943407,e7e3b6821f0f4bedf9adf155679488733dfb3cb9d4e3ce72d0267f2e0f354253,2026-10-08,ARCHIVED,
BH002,BeagleY-AI,beagleboard/beagley-ai,d1c9f8b76c17c0b629341b79bd4286dbeebb1e3e,BeagleY-AI_SCH.pdf,1913358,CC-BY-4.0,Original manufacturer open hardware PDF,PENDING,https://raw.githubusercontent.com/beagleboard/beagley-ai/d1c9f8b76c17c0b629341b79bd4286dbeebb1e3e/BeagleY-AI_SCH.pdf,references/product-documents/originals/beagleboard/BH002_BeagleY-AI_SCH.pdf,27,1913358,e29a87d522c1590fec070645d4ad8a77351e6e7d0e1b3336bc9a2fd304bc2278,2026-10-08,ARCHIVED,
BH003,BeagleY-AI,beagleboard/beagley-ai,d1c9f8b76c17c0b629341b79bd4286dbeebb1e3e,design/BeagleY AI_Rev A_IIC TREE_240426.pdf,100291,CC-BY-4.0,Original manufacturer open hardware PDF,PENDING,https://raw.githubusercontent.com/beagleboard/beagley-ai/d1c9f8b76c17c0b629341b79bd4286dbeebb1e3e/design/BeagleY%20AI_Rev%20A_IIC%20TREE_240426.pdf,references/product-documents/originals/beagleboard/BH003_BeagleY_AI_Rev_A_IIC_TREE_240426.pdf,1,100291,42443a08d72702975f2a7ab51e68b9027224ce0d6686cbba90e7a2c63bce3985,2026-10-08,ARCHIVED,
BH004,BeagleY-AI,beagleboard/beagley-ai,d1c9f8b76c17c0b629341b79bd4286dbeebb1e3e,design/BeagleY AI_Rev A_POWER FLOW DIAGRAM_240426.pdf,92303,CC-BY-4.0,Original manufacturer open hardware PDF,PENDING,https://raw.githubusercontent.com/beagleboard/beagley-ai/d1c9f8b76c17c0b629341b79bd4286dbeebb1e3e/design/BeagleY%20AI_Rev%20A_POWER%20FLOW%20DIAGRAM_240426.pdf,references/product-documents/originals/beagleboard/BH004_BeagleY_AI_Rev_A_POWER_FLOW_DIAGRAM_240426.pdf,1,92303,1786656b21ebc475b4fb06591aa8b8455d2364cf5b1cf7f7fc640c2247ec704f,2026-10-08,ARCHIVED,
BH005,BeagleY-AI,beagleboard/beagley-ai,d1c9f8b76c17c0b629341b79bd4286dbeebb1e3e,design/BeagleY AI_V1.0_Part Reference_240109.pdf,835925,CC-BY-4.0,Original manufacturer open hardware PDF,PENDING,https://raw.githubusercontent.com/beagleboard/beagley-ai/d1c9f8b76c17c0b629341b79bd4286dbeebb1e3e/design/BeagleY%20AI_V1.0_Part%20Reference_240109.pdf,references/product-documents/originals/beagleboard/BH005_BeagleY_AI_V1.0_Part_Reference_240109.pdf,2,835925,fa67eb9d1c78190d70b80fe876c3994d5b585a6b31ea9f9004171f11baa6e3e3,2026-10-08,ARCHIVED,
BH006,BeagleY-AI,beagleboard/beagley-ai,d1c9f8b76c17c0b629341b79bd4286dbeebb1e3e,design/BeagleY-AI_Rev A_BLOCK DIAGRAM_240426.pdf,87449,CC-BY-4.0,Original manufacturer open hardware PDF,PENDING,https://raw.githubusercontent.com/beagleboard/beagley-ai/d1c9f8b76c17c0b629341b79bd4286dbeebb1e3e/design/BeagleY-AI_Rev%20A_BLOCK%20DIAGRAM_240426.pdf,references/product-documents/originals/beagleboard/BH006_BeagleY-AI_Rev_A_BLOCK_DIAGRAM_240426.pdf,1,87449,b33ed6af99cc449a3dfcd10fd9002abf7a5e69f35797d0ad8c9a2e5223183800,2026-10-08,ARCHIVED,
BH007,BeagleY-AI,beagleboard/beagley-ai,d1c9f8b76c17c0b629341b79bd4286dbeebb1e3e,design/BeagleY-AI_mechanical_drawing.pdf,122454,CC-BY-4.0,Original manufacturer open hardware PDF,PENDING,https://raw.githubusercontent.com/beagleboard/beagley-ai/d1c9f8b76c17c0b629341b79bd4286dbeebb1e3e/design/BeagleY-AI_mechanical_drawing.pdf,references/product-documents/originals/beagleboard/BH007_BeagleY-AI_mechanical_drawing.pdf,1,122454,47fd02e7632c392e6930b5654e95b9d1b3318d001e61565021fbaf30b676672a,2026-10-08,ARCHIVED,
BH008,BeagleV-Fire,beagleboard/beaglev-fire,cdbd4b6892cebc5eab2d73c5a098b73aa0c2612c,BeagleV-Fire_sch.pdf,1437891,CC-BY-4.0,Original manufacturer open hardware PDF,PENDING,https://raw.githubusercontent.com/beagleboard/beaglev-fire/cdbd4b6892cebc5eab2d73c5a098b73aa0c2612c/BeagleV-Fire_sch.pdf,references/product-documents/originals/beagleboard/BH008_BeagleV-Fire_sch.pdf,17,1437891,2623b4aec41c2eee3df88a9a5bbd04bd40739fc7fc8206b75dc8df3c7ee6da1f,2026-10-08,ARCHIVED,
BH009,BeagleV-Fire,beagleboard/beaglev-fire,cdbd4b6892cebc5eab2d73c5a098b73aa0c2612c,design/319015079_BeaglV-Fire_Rev-A_Placement.pdf,706205,CC-BY-4.0,Original manufacturer open hardware PDF,PENDING,https://raw.githubusercontent.com/beagleboard/beaglev-fire/cdbd4b6892cebc5eab2d73c5a098b73aa0c2612c/design/319015079_BeaglV-Fire_Rev-A_Placement.pdf,references/product-documents/originals/beagleboard/BH009_319015079_BeaglV-Fire_Rev-A_Placement.pdf,2,706205,398e37712f16b36af4b8f62a4ad1f13fb4fba99d7a818158d8acf61a55f6f844,2026-10-08,ARCHIVED,
BH010,BeagleV-Fire,beagleboard/beaglev-fire,cdbd4b6892cebc5eab2d73c5a098b73aa0c2612c,design/319015079_BeaglV-Fire_Rev-A_silkscreen.pdf,1510786,CC-BY-4.0,Original manufacturer open hardware PDF,PENDING,https://raw.githubusercontent.com/beagleboard/beaglev-fire/cdbd4b6892cebc5eab2d73c5a098b73aa0c2612c/design/319015079_BeaglV-Fire_Rev-A_silkscreen.pdf,references/product-documents/originals/beagleboard/BH010_319015079_BeaglV-Fire_Rev-A_silkscreen.pdf,2,1510786,a90f92f5ba13d6fcbd0541a8bd65982f9925fdad5976f21c87ec4fe8f1753b50,2026-10-08,ARCHIVED,
BH011,BeaglePlay,beagleboard/beagleplay,7a59a98ae27dc4fd9e2bd8975ff90cdb44a366ea,BeaglePlay_sch.pdf,1333365,CC-BY-4.0,Original manufacturer open hardware PDF,PENDING,https://raw.githubusercontent.com/beagleboard/beagleplay/7a59a98ae27dc4fd9e2bd8975ff90cdb44a366ea/BeaglePlay_sch.pdf,references/product-documents/originals/beagleboard/BH011_BeaglePlay_sch.pdf,22,1333365,02dadb53639d008ffa6fbda4eba59a82a8134cd77696697a81b5afcbe426f556,2026-10-08,ARCHIVED,
BH012,BeaglePlay,beagleboard/beagleplay,7a59a98ae27dc4fd9e2bd8975ff90cdb44a366ea,BeaglePlay_mech.pdf,5081224,CC-BY-4.0,Original manufacturer open hardware PDF,PENDING,https://raw.githubusercontent.com/beagleboard/beagleplay/7a59a98ae27dc4fd9e2bd8975ff90cdb44a366ea/BeaglePlay_mech.pdf,references/product-documents/originals/beagleboard/BH012_BeaglePlay_mech.pdf,1,5081224,9238e0ca60d12ac3b1a2efdd58481642ebca011ede35849bd4bf548943549f8c,2026-10-08,ARCHIVED,
BH013,BeagleBone AI RevA2,beagleboard/beaglebone-ai,819b6268c33ed85f1030205eea24a68261d30681,BeagleBone-AI_RevA2_sch.pdf,1408533,CC-BY-4.0,Original manufacturer open hardware PDF,PENDING,https://raw.githubusercontent.com/beagleboard/beaglebone-ai/819b6268c33ed85f1030205eea24a68261d30681/BeagleBone-AI_RevA2_sch.pdf,references/product-documents/originals/beagleboard/BH013_BeagleBone-AI_RevA2_sch.pdf,19,1408533,aee4e3108dcd2585a9a5fb3676e5e7ef53d028095f39888dd754ce949ec51403,2026-10-08,ARCHIVED,
BH014,BeagleBone AI RevA2,beagleboard/beaglebone-ai,819b6268c33ed85f1030205eea24a68261d30681,BeagleBone-AI_RevA2_brd.pdf,336992,CC-BY-4.0,Original manufacturer open hardware PDF,PENDING,https://raw.githubusercontent.com/beagleboard/beaglebone-ai/819b6268c33ed85f1030205eea24a68261d30681/BeagleBone-AI_RevA2_brd.pdf,references/product-documents/originals/beagleboard/BH014_BeagleBone-AI_RevA2_brd.pdf,2,336992,4ca8092bb803e01720acc1ca823d366345f483af976a177316582e5ad69e78b7,2026-10-08,ARCHIVED,
BH015,BeagleV-Ahead,beagleboard/beaglev-ahead,6b56e2d69485c375c5912eaa2791f79f1d089c07,BeagleV-Ahead_SCH.pdf,2079559,CC-BY-4.0,Original manufacturer open hardware PDF,PENDING,https://raw.githubusercontent.com/beagleboard/beaglev-ahead/6b56e2d69485c375c5912eaa2791f79f1d089c07/BeagleV-Ahead_SCH.pdf,references/product-documents/originals/beagleboard/BH015_BeagleV-Ahead_SCH.pdf,25,2079559,9e3ed174f4bfdbdb540d8a2ebcacb1f4e12f525db1ec89c4ab25b35636890200,2026-10-08,ARCHIVED,
