source_id,product,upstream_repo,upstream_commit,upstream_path,expected_bytes,license,usage,download_status
"BH001","BeagleBone AI-64","beagleboard/beaglebone-ai-64","7313ca3cca8a7035bd077dc51d4a9b3a40e4c1a3","hw/BeagleBone_AI-64_Rev_B1_SCH_220602.pdf","2943407","CC-BY-4.0","Original manufacturer open hardware PDF","PENDING"
"BH002","BeagleY-AI","beagleboard/beagley-ai","d1c9f8b76c17c0b629341b79bd4286dbeebb1e3e","BeagleY-AI_SCH.pdf","1913358","CC-BY-4.0","Original manufacturer open hardware PDF","PENDING"
"BH003","BeagleY-AI","beagleboard/beagley-ai","d1c9f8b76c17c0b629341b79bd4286dbeebb1e3e","design/BeagleY AI_Rev A_IIC TREE_240426.pdf","100291","CC-BY-4.0","Original manufacturer open hardware PDF","PENDING"
"BH004","BeagleY-AI","beagleboard/beagley-ai","d1c9f8b76c17c0b629341b79bd4286dbeebb1e3e","design/BeagleY AI_Rev A_POWER FLOW DIAGRAM_240426.pdf","92303","CC-BY-4.0","Original manufacturer open hardware PDF","PENDING"
"BH005","BeagleY-AI","beagleboard/beagley-ai","d1c9f8b76c17c0b629341b79bd4286dbeebb1e3e","design/BeagleY AI_V1.0_Part Reference_240109.pdf","835925","CC-BY-4.0","Original manufacturer open hardware PDF","PENDING"
"BH006","BeagleY-AI","beagleboard/beagley-ai","d1c9f8b76c17c0b629341b79bd4286dbeebb1e3e","design/BeagleY-AI_Rev A_BLOCK DIAGRAM_240426.pdf","87449","CC-BY-4.0","Original manufacturer open hardware PDF","PENDING"
"BH007","BeagleY-AI","beagleboard/beagley-ai","d1c9f8b76c17c0b629341b79bd4286dbeebb1e3e","design/BeagleY-AI_mechanical_drawing.pdf","122454","CC-BY-4.0","Original manufacturer open hardware PDF","PENDING"
"BH008","BeagleV-Fire","beagleboard/beaglev-fire","cdbd4b6892cebc5eab2d73c5a098b73aa0c2612c","BeagleV-Fire_sch.pdf","1437891","CC-BY-4.0","Original manufacturer open hardware PDF","PENDING"
"BH009","BeagleV-Fire","beagleboard/beaglev-fire","cdbd4b6892cebc5eab2d73c5a098b73aa0c2612c","design/319015079_BeaglV-Fire_Rev-A_Placement.pdf","706205","CC-BY-4.0","Original manufacturer open hardware PDF","PENDING"
"BH010","BeagleV-Fire","beagleboard/beaglev-fire","cdbd4b6892cebc5eab2d73c5a098b73aa0c2612c","design/319015079_BeaglV-Fire_Rev-A_silkscreen.pdf","1510786","CC-BY-4.0","Original manufacturer open hardware PDF","PENDING"
"BH011","BeaglePlay","beagleboard/beagleplay","7a59a98ae27dc4fd9e2bd8975ff90cdb44a366ea","BeaglePlay_sch.pdf","1333365","CC-BY-4.0","Original manufacturer open hardware PDF","PENDING"
"BH012","BeaglePlay","beagleboard/beagleplay","7a59a98ae27dc4fd9e2bd8975ff90cdb44a366ea","BeaglePlay_mech.pdf","5081224","CC-BY-4.0","Original manufacturer open hardware PDF","PENDING"
"BH013","BeagleBone AI RevA2","beagleboard/beaglebone-ai","819b6268c33ed85f1030205eea24a68261d30681","BeagleBone-AI_RevA2_sch.pdf","1408533","CC-BY-4.0","Original manufacturer open hardware PDF","PENDING"
"BH014","BeagleBone AI RevA2","beagleboard/beaglebone-ai","819b6268c33ed85f1030205eea24a68261d30681","BeagleBone-AI_RevA2_brd.pdf","336992","CC-BY-4.0","Original manufacturer open hardware PDF","PENDING"
"BH015","BeagleV-Ahead","beagleboard/beaglev-ahead","6b56e2d69485c375c5912eaa2791f79f1d089c07","BeagleV-Ahead_SCH.pdf","2079559","CC-BY-4.0","Original manufacturer open hardware PDF","PENDING"
